,Detector Type,Detector Time,#KP,Descriptor Type,Descriptor Time,Matcher Type,Selector Type,Matching Time,#Matched KP
0,FAST,3.04713,404,BRISK,176.75599999999997,MAT_BF,SEL_NN,2.4938599999999997,427
1,FAST,4.10356,423,BRISK,207.96200000000002,MAT_BF,SEL_NN,2.8175,404
2,FAST,2.4203200000000002,386,BRISK,189.618,MAT_BF,SEL_NN,2.11152,423
3,FAST,2.93204,414,BRISK,212.352,MAT_BF,SEL_NN,3.9413699999999996,386
4,FAST,4.20297,418,BRISK,202.81900000000002,MAT_BF,SEL_NN,6.64831,414
5,FAST,1.8094700000000001,406,BRISK,205.865,MAT_BF,SEL_NN,2.42152,418
6,FAST,3.75195,396,BRISK,185.304,MAT_BF,SEL_NN,2.28578,406
7,FAST,2.06189,401,BRISK,183.50099999999998,MAT_BF,SEL_NN,2.69333,396
0,SIFT,158.046,121,BRIEF,1.8172400000000002,MAT_FLANN,SEL_KNN,1.8475700000000002,70
1,SIFT,134.239,135,BRIEF,2.07513,MAT_FLANN,SEL_KNN,1.55479,60
2,SIFT,135.069,134,BRIEF,2.12223,MAT_FLANN,SEL_KNN,1.6947,65
3,SIFT,138.638,139,BRIEF,1.87113,MAT_FLANN,SEL_KNN,1.6594099999999998,52
4,SIFT,147.37,136,BRIEF,1.81965,MAT_FLANN,SEL_KNN,1.72016,60
5,SIFT,141.109,147,BRIEF,1.8980000000000001,MAT_FLANN,SEL_KNN,1.6936799999999999,70
6,SIFT,146.2,156,BRIEF,2.1469400000000003,MAT_FLANN,SEL_KNN,1.88399,69
7,SIFT,148.967,135,BRIEF,3.00127,MAT_FLANN,SEL_KNN,2.3722,84
0,AKAZE,128.429,159,FREAK,44.5845,MAT_FLANN,SEL_NN,3.13764,157
1,AKAZE,126.428,154,FREAK,43.4278,MAT_FLANN,SEL_NN,3.2044799999999998,159
2,AKAZE,141.05700000000002,162,FREAK,39.7916,MAT_FLANN,SEL_NN,2.98222,154
3,AKAZE,128.388,163,FREAK,48.0086,MAT_FLANN,SEL_NN,3.5926,162
4,AKAZE,164.623,173,FREAK,62.5258,MAT_FLANN,SEL_NN,7.82424,163
5,AKAZE,134.556,175,FREAK,67.8109,MAT_FLANN,SEL_NN,2.64537,173
6,AKAZE,145.957,175,FREAK,50.2922,MAT_FLANN,SEL_NN,3.1486,175
7,AKAZE,146.83,175,FREAK,50.0165,MAT_FLANN,SEL_NN,2.7992,175
0,FAST,2.53746,404,BRISK,182.387,MAT_FLANN,SEL_NN,18.3952,427
1,FAST,3.2808699999999997,423,BRISK,183.335,MAT_FLANN,SEL_NN,16.9408,401
2,FAST,3.08691,386,BRISK,178.294,MAT_FLANN,SEL_NN,20.6053,423
3,FAST,2.47765,414,BRISK,183.16099999999997,MAT_FLANN,SEL_NN,16.8366,384
4,FAST,2.68025,418,BRISK,184.484,MAT_FLANN,SEL_NN,21.6313,412
5,FAST,4.10464,406,BRISK,181.787,MAT_FLANN,SEL_NN,23.5743,416
6,FAST,2.66396,396,BRISK,194.65,MAT_FLANN,SEL_NN,18.232,405
7,FAST,2.76277,401,BRISK,185.93,MAT_FLANN,SEL_NN,16.1927,396
0,HARRIS,47.0296,18,ORB,62.8107,MAT_BF,SEL_KNN,0.186328,13
1,HARRIS,56.1151,21,ORB,13.4632,MAT_BF,SEL_KNN,0.198185,16
2,HARRIS,37.035,26,ORB,15.3717,MAT_BF,SEL_KNN,0.302217,18
3,HARRIS,51.3792,43,ORB,6.589760000000001,MAT_BF,SEL_KNN,0.191525,24
4,HARRIS,25.2383,18,ORB,10.1636,MAT_BF,SEL_KNN,0.30571,18
5,HARRIS,36.3579,31,ORB,9.1321,MAT_BF,SEL_KNN,0.196448,15
6,HARRIS,32.8409,26,ORB,9.35254,MAT_BF,SEL_KNN,0.150875,24
7,HARRIS,41.5798,34,ORB,6.62985,MAT_BF,SEL_KNN,0.181943,20
0,ORB,28.3061,106,BRIEF,3.02967,MAT_BF,SEL_NN,0.42701300000000003,102
1,ORB,11.2855,113,BRIEF,0.877597,MAT_BF,SEL_NN,0.299172,106
2,ORB,12.1858,109,BRIEF,2.01892,MAT_BF,SEL_NN,0.252863,113
3,ORB,15.6939,124,BRIEF,2.58533,MAT_BF,SEL_NN,0.25747,109
4,ORB,28.5757,129,BRIEF,1.0115,MAT_BF,SEL_NN,6.99746,124
5,ORB,20.0405,127,BRIEF,1.59346,MAT_BF,SEL_NN,0.291036,129
6,ORB,9.139439999999999,124,BRIEF,0.721989,MAT_BF,SEL_NN,0.344065,127
7,ORB,10.7188,125,BRIEF,1.84617,MAT_BF,SEL_NN,0.357232,124
0,HARRIS,20.3575,18,ORB,6.10876,MAT_FLANN,SEL_NN,0.268973,14
1,HARRIS,19.2864,21,ORB,3.3557,MAT_FLANN,SEL_NN,0.295919,18
2,HARRIS,22.1375,26,ORB,8.592239999999999,MAT_FLANN,SEL_NN,0.557956,21
3,HARRIS,41.2135,43,ORB,6.10508,MAT_FLANN,SEL_NN,0.585328,26
4,HARRIS,21.8258,18,ORB,5.5538099999999995,MAT_FLANN,SEL_NN,0.5204949999999999,43
5,HARRIS,22.6464,31,ORB,7.23015,MAT_FLANN,SEL_NN,0.466037,18
6,HARRIS,25.4191,26,ORB,7.309589999999999,MAT_FLANN,SEL_NN,1.30332,31
7,HARRIS,27.7367,34,ORB,5.64961,MAT_FLANN,SEL_NN,0.668305,26
0,AKAZE,100.725,159,BRIEF,2.54548,MAT_FLANN,SEL_NN,1.7294900000000002,157
1,AKAZE,109.07799999999999,154,BRIEF,2.63672,MAT_FLANN,SEL_NN,1.7793900000000002,159
2,AKAZE,103.461,162,BRIEF,2.35259,MAT_FLANN,SEL_NN,1.72029,154
3,AKAZE,112.12799999999999,163,BRIEF,3.00205,MAT_FLANN,SEL_NN,2.60538,162
4,AKAZE,121.833,173,BRIEF,1.62606,MAT_FLANN,SEL_NN,2.73313,163
5,AKAZE,114.62100000000001,175,BRIEF,2.6646,MAT_FLANN,SEL_NN,1.931,173
6,AKAZE,101.5,175,BRIEF,2.5482400000000003,MAT_FLANN,SEL_NN,2.67979,175
7,AKAZE,96.0832,175,BRIEF,2.31544,MAT_FLANN,SEL_NN,1.9226400000000001,175
0,SIFT,134.445,121,SIFT,84.6776,MAT_BF,SEL_KNN,0.5528609999999999,79
1,SIFT,125.744,135,SIFT,83.8803,MAT_BF,SEL_KNN,0.489554,83
2,SIFT,127.87799999999999,134,SIFT,81.1459,MAT_BF,SEL_KNN,0.5346989999999999,92
3,SIFT,127.45,139,SIFT,81.5677,MAT_BF,SEL_KNN,0.533309,90
4,SIFT,127.935,136,SIFT,82.5541,MAT_BF,SEL_KNN,0.535501,82
5,SIFT,134.567,147,SIFT,84.008,MAT_BF,SEL_KNN,0.622749,82
6,SIFT,125.969,156,SIFT,84.1527,MAT_BF,SEL_KNN,0.623162,100
7,SIFT,131.159,135,SIFT,82.4273,MAT_BF,SEL_KNN,0.596507,101
0,BRISK,339.606,276,SIFT,89.5518,MAT_FLANN,SEL_NN,7.31033,274
1,BRISK,403.44800000000004,275,SIFT,109.404,MAT_FLANN,SEL_NN,7.3528,276
2,BRISK,379.61400000000003,293,SIFT,125.09700000000001,MAT_FLANN,SEL_NN,8.94871,275
3,BRISK,672.539,275,SIFT,101.891,MAT_FLANN,SEL_NN,53.8402,293
4,BRISK,1209.9,289,SIFT,128.128,MAT_FLANN,SEL_NN,10.0962,275
5,BRISK,705.8860000000001,268,SIFT,160.22299999999998,MAT_FLANN,SEL_NN,59.2758,289
6,BRISK,496.039,259,SIFT,108.911,MAT_FLANN,SEL_NN,17.7302,268
7,BRISK,356.967,250,SIFT,110.65899999999999,MAT_FLANN,SEL_NN,6.5582,259
0,FAST,4.08703,404,BRIEF,2.48948,MAT_BF,SEL_KNN,3.3540900000000002,332
1,FAST,5.02672,423,BRIEF,2.63272,MAT_BF,SEL_KNN,2.35324,299
2,FAST,3.45344,386,BRIEF,1.20331,MAT_BF,SEL_KNN,2.25988,331
3,FAST,2.72548,414,BRIEF,1.9342700000000002,MAT_BF,SEL_KNN,2.73124,276
4,FAST,3.6661599999999996,418,BRIEF,1.74987,MAT_BF,SEL_KNN,2.5403700000000002,327
5,FAST,2.43662,406,BRIEF,1.9194,MAT_BF,SEL_KNN,2.70688,324
6,FAST,3.57649,396,BRIEF,4.54471,MAT_BF,SEL_KNN,3.8092900000000003,315
7,FAST,2.38102,401,BRIEF,2.13282,MAT_BF,SEL_KNN,3.7259900000000004,307
0,AKAZE,106.529,159,FREAK,35.5013,MAT_BF,SEL_KNN,0.773073,128
1,AKAZE,129.286,154,FREAK,39.2674,MAT_BF,SEL_KNN,1.8046,128
2,AKAZE,100.00200000000001,162,FREAK,34.0727,MAT_BF,SEL_KNN,0.44620699999999996,121
3,AKAZE,100.06299999999999,163,FREAK,33.0958,MAT_BF,SEL_KNN,0.724009,122
4,AKAZE,104.054,173,FREAK,36.2165,MAT_BF,SEL_KNN,0.761953,133
5,AKAZE,105.75200000000001,175,FREAK,34.1507,MAT_BF,SEL_KNN,0.708547,144
6,AKAZE,97.8231,175,FREAK,35.0091,MAT_BF,SEL_KNN,0.5991449999999999,145
7,AKAZE,104.072,175,FREAK,33.3807,MAT_BF,SEL_KNN,0.612055,135
0,HARRIS,29.6741,18,SIFT,29.3575,MAT_FLANN,SEL_KNN,0.37422300000000003,11
1,HARRIS,28.6066,21,SIFT,36.6243,MAT_FLANN,SEL_KNN,0.8615,16
2,HARRIS,31.9029,26,SIFT,31.0117,MAT_FLANN,SEL_KNN,0.6373340000000001,19
3,HARRIS,46.4972,43,SIFT,29.6478,MAT_FLANN,SEL_KNN,0.788028,22
4,HARRIS,25.5116,18,SIFT,29.3268,MAT_FLANN,SEL_KNN,0.633022,22
5,HARRIS,20.4526,31,SIFT,31.5424,MAT_FLANN,SEL_KNN,0.653741,13
6,HARRIS,20.980999999999998,26,SIFT,25.096999999999998,MAT_FLANN,SEL_KNN,1.0105600000000001,24
7,HARRIS,31.9321,34,SIFT,28.346999999999998,MAT_FLANN,SEL_KNN,0.8574309999999999,22
0,HARRIS,43.376000000000005,18,ORB,13.5169,MAT_BF,SEL_NN,0.201825,14
1,HARRIS,37.6478,21,ORB,11.6419,MAT_BF,SEL_NN,0.125067,18
2,HARRIS,37.2519,26,ORB,10.4728,MAT_BF,SEL_NN,0.34880500000000003,21
3,HARRIS,66.65,43,ORB,11.4563,MAT_BF,SEL_NN,0.189905,26
4,HARRIS,40.9416,18,ORB,12.0208,MAT_BF,SEL_NN,0.24498000000000003,43
5,HARRIS,34.1833,31,ORB,10.1716,MAT_BF,SEL_NN,0.22915500000000003,18
6,HARRIS,34.9156,26,ORB,7.733060000000001,MAT_BF,SEL_NN,0.21219000000000002,31
7,HARRIS,46.7529,34,ORB,6.66092,MAT_BF,SEL_NN,0.158342,26
0,AKAZE,109.962,159,SIFT,35.6887,MAT_FLANN,SEL_NN,3.48843,157
1,AKAZE,121.29,154,SIFT,45.6534,MAT_FLANN,SEL_NN,4.41599,159
2,AKAZE,108.56299999999999,162,SIFT,38.4887,MAT_FLANN,SEL_NN,2.66634,154
3,AKAZE,111.274,163,SIFT,38.9369,MAT_FLANN,SEL_NN,2.71657,162
4,AKAZE,109.265,173,SIFT,38.4837,MAT_FLANN,SEL_NN,2.68111,163
5,AKAZE,112.641,175,SIFT,37.3882,MAT_FLANN,SEL_NN,2.9586900000000003,173
6,AKAZE,106.771,175,SIFT,38.9858,MAT_FLANN,SEL_NN,3.6212,175
7,AKAZE,115.96700000000001,175,SIFT,39.2264,MAT_FLANN,SEL_NN,3.10413,175
0,BRISK,284.3,276,SIFT,57.755,MAT_BF,SEL_KNN,1.6442,187
1,BRISK,258.27,275,SIFT,64.9161,MAT_BF,SEL_KNN,1.88831,171
2,BRISK,256.882,293,SIFT,66.5386,MAT_BF,SEL_KNN,1.9823400000000002,177
3,BRISK,300.775,275,SIFT,59.4147,MAT_BF,SEL_KNN,2.19466,168
4,BRISK,253.72,289,SIFT,62.6398,MAT_BF,SEL_KNN,2.1297099999999998,190
5,BRISK,277.847,268,SIFT,67.5705,MAT_BF,SEL_KNN,2.21255,193
6,BRISK,256.082,259,SIFT,59.1709,MAT_BF,SEL_KNN,1.80298,173
7,BRISK,278.995,250,SIFT,61.0693,MAT_BF,SEL_KNN,1.57394,181
0,BRISK,232.292,276,FREAK,38.1418,MAT_BF,SEL_KNN,1.1598,173
1,BRISK,253.395,275,FREAK,35.6289,MAT_BF,SEL_KNN,1.15323,153
2,BRISK,221.453,293,FREAK,32.3909,MAT_BF,SEL_KNN,1.7452599999999998,168
3,BRISK,219.362,275,FREAK,32.9681,MAT_BF,SEL_KNN,1.6435799999999998,158
4,BRISK,250.092,289,FREAK,33.9701,MAT_BF,SEL_KNN,1.65335,181
5,BRISK,252.145,268,FREAK,39.2674,MAT_BF,SEL_KNN,2.0506599999999997,169
6,BRISK,235.321,259,FREAK,30.5367,MAT_BF,SEL_KNN,1.50531,174
7,BRISK,219.465,250,FREAK,34.6026,MAT_BF,SEL_KNN,1.8521400000000001,165
0,ORB,8.11125,106,SIFT,70.1637,MAT_FLANN,SEL_KNN,2.33005,79
1,ORB,12.713,113,SIFT,75.6046,MAT_FLANN,SEL_KNN,2.40457,79
2,ORB,8.87645,109,SIFT,86.6027,MAT_FLANN,SEL_KNN,3.09041,79
3,ORB,18.1499,124,SIFT,77.8647,MAT_FLANN,SEL_KNN,4.01938,82
4,ORB,15.7989,129,SIFT,124.75399999999999,MAT_FLANN,SEL_KNN,3.3249400000000002,93
5,ORB,13.4979,127,SIFT,75.0221,MAT_FLANN,SEL_KNN,3.46969,94
6,ORB,13.6774,124,SIFT,73.1996,MAT_FLANN,SEL_KNN,3.2800199999999995,93
7,ORB,8.36903,125,SIFT,72.482,MAT_FLANN,SEL_KNN,3.02343,92
0,FAST,2.63384,404,BRIEF,1.3091899999999999,MAT_FLANN,SEL_NN,22.9867,427
1,FAST,3.52019,423,BRIEF,1.57867,MAT_FLANN,SEL_NN,19.0157,404
2,FAST,3.66203,386,BRIEF,1.8344599999999998,MAT_FLANN,SEL_NN,18.5357,423
3,FAST,2.40708,414,BRIEF,2.29238,MAT_FLANN,SEL_NN,17.2963,386
4,FAST,2.74105,418,BRIEF,2.0131900000000003,MAT_FLANN,SEL_NN,18.160999999999998,414
5,FAST,3.66151,406,BRIEF,2.61922,MAT_FLANN,SEL_NN,17.6686,418
6,FAST,2.80728,396,BRIEF,1.6548900000000002,MAT_FLANN,SEL_NN,18.7492,406
7,FAST,1.8899599999999999,401,BRIEF,2.99123,MAT_FLANN,SEL_NN,19.2901,396
0,SIFT,165.476,121,FREAK,36.9275,MAT_BF,SEL_NN,0.35332399999999997,130
1,SIFT,140.251,135,FREAK,35.7689,MAT_BF,SEL_NN,0.41248900000000005,120
2,SIFT,156.878,134,FREAK,40.0054,MAT_BF,SEL_NN,0.5007119999999999,134
3,SIFT,168.574,139,FREAK,39.7043,MAT_BF,SEL_NN,0.504582,133
4,SIFT,149.83700000000002,136,FREAK,34.4624,MAT_BF,SEL_NN,0.390842,138
5,SIFT,136.201,147,FREAK,32.5118,MAT_BF,SEL_NN,0.719386,134
6,SIFT,142.335,156,FREAK,35.8002,MAT_BF,SEL_NN,0.48868,146
7,SIFT,132.381,135,FREAK,31.0041,MAT_BF,SEL_NN,0.38050700000000004,155
0,FAST,4.26498,404,ORB,10.290999999999999,MAT_FLANN,SEL_NN,28.2855,426
1,FAST,3.06196,423,ORB,6.84037,MAT_FLANN,SEL_NN,32.7619,402
2,FAST,4.07526,386,ORB,6.0154,MAT_FLANN,SEL_NN,36.0465,422
3,FAST,3.10617,414,ORB,30.198,MAT_FLANN,SEL_NN,37.092,386
4,FAST,4.6227,418,ORB,7.7881800000000005,MAT_FLANN,SEL_NN,28.3201,414
5,FAST,3.3824,406,ORB,12.4039,MAT_FLANN,SEL_NN,38.5209,416
6,FAST,5.63244,396,ORB,20.4262,MAT_FLANN,SEL_NN,33.0197,404
7,FAST,5.06575,401,ORB,9.51201,MAT_FLANN,SEL_NN,31.151,395
0,HARRIS,34.6154,18,BRIEF,1.9584400000000002,MAT_BF,SEL_KNN,0.22167800000000001,11
1,HARRIS,36.4058,21,BRIEF,2.1994700000000003,MAT_BF,SEL_KNN,0.184835,15
2,HARRIS,34.4638,26,BRIEF,1.85349,MAT_BF,SEL_KNN,0.236215,20
3,HARRIS,85.9444,43,BRIEF,2.24352,MAT_BF,SEL_KNN,0.24495300000000003,24
4,HARRIS,54.0861,18,BRIEF,1.82325,MAT_BF,SEL_KNN,0.245875,26
5,HARRIS,74.8212,31,BRIEF,2.28967,MAT_BF,SEL_KNN,0.269045,16
6,HARRIS,53.4817,26,BRIEF,1.8759400000000002,MAT_BF,SEL_KNN,0.197225,24
7,HARRIS,46.2574,34,BRIEF,1.97413,MAT_BF,SEL_KNN,0.229733,23
0,FAST,2.46585,404,FREAK,45.8659,MAT_FLANN,SEL_KNN,27.5397,250
1,FAST,2.5066599999999997,423,FREAK,44.1816,MAT_FLANN,SEL_KNN,29.4629,238
2,FAST,7.230919999999999,386,FREAK,52.7252,MAT_FLANN,SEL_KNN,23.9551,258
3,FAST,3.7906699999999995,414,FREAK,45.7965,MAT_FLANN,SEL_KNN,21.0194,234
4,FAST,2.7717,418,FREAK,42.0732,MAT_FLANN,SEL_KNN,22.4029,270
5,FAST,4.057980000000001,406,FREAK,35.6012,MAT_FLANN,SEL_KNN,30.0324,255
6,FAST,5.01708,396,FREAK,41.6405,MAT_FLANN,SEL_KNN,26.813000000000002,253
7,FAST,2.38889,401,FREAK,43.4035,MAT_FLANN,SEL_KNN,25.4674,250
0,SHITOMASI,39.0398,123,ORB,11.1127,MAT_BF,SEL_NN,0.58196,118
1,SHITOMASI,72.1627,120,ORB,11.4734,MAT_BF,SEL_NN,0.760317,123
2,SHITOMASI,32.9773,120,ORB,21.6246,MAT_BF,SEL_NN,0.731268,120
3,SHITOMASI,54.5011,113,ORB,9.28434,MAT_BF,SEL_NN,0.594608,120
4,SHITOMASI,51.169,114,ORB,9.35782,MAT_BF,SEL_NN,0.623995,113
5,SHITOMASI,29.3532,123,ORB,10.6759,MAT_BF,SEL_NN,0.557235,114
6,SHITOMASI,26.3459,111,ORB,12.5655,MAT_BF,SEL_NN,2.55523,123
7,SHITOMASI,42.648999999999994,112,ORB,14.2011,MAT_BF,SEL_NN,1.05396,111
0,FAST,4.00676,404,FREAK,31.3199,MAT_FLANN,SEL_NN,17.7681,424
1,FAST,2.19745,423,FREAK,31.2801,MAT_FLANN,SEL_NN,17.619,404
2,FAST,2.23726,386,FREAK,38.3438,MAT_FLANN,SEL_NN,12.9693,423
3,FAST,3.4179199999999996,414,FREAK,37.3651,MAT_FLANN,SEL_NN,18.7312,386
4,FAST,3.27273,418,FREAK,39.7982,MAT_FLANN,SEL_NN,31.2143,414
5,FAST,2.7932900000000003,406,FREAK,36.7693,MAT_FLANN,SEL_NN,22.8445,418
6,FAST,2.06125,396,FREAK,38.8746,MAT_FLANN,SEL_NN,26.2971,406
7,FAST,5.45777,401,FREAK,39.0721,MAT_FLANN,SEL_NN,23.5019,396
0,SHITOMASI,41.5069,123,FREAK,82.9397,MAT_BF,SEL_KNN,1.23279,90
1,SHITOMASI,39.4097,120,FREAK,73.7869,MAT_BF,SEL_KNN,0.6707529999999999,86
2,SHITOMASI,47.9501,120,FREAK,79.4935,MAT_BF,SEL_KNN,0.548743,88
3,SHITOMASI,55.9954,113,FREAK,85.0915,MAT_BF,SEL_KNN,0.605035,86
4,SHITOMASI,45.3271,114,FREAK,71.4861,MAT_BF,SEL_KNN,0.552285,80
5,SHITOMASI,43.9378,123,FREAK,73.3001,MAT_BF,SEL_KNN,0.581387,81
6,SHITOMASI,40.2403,111,FREAK,81.9964,MAT_BF,SEL_KNN,0.8043,86
7,SHITOMASI,33.5374,112,FREAK,73.4757,MAT_BF,SEL_KNN,0.546848,85
0,BRISK,234.287,276,FREAK,39.6165,MAT_BF,SEL_NN,0.9662350000000001,252
1,BRISK,240.245,275,FREAK,51.1433,MAT_BF,SEL_NN,1.30971,257
2,BRISK,289.488,293,FREAK,47.6345,MAT_BF,SEL_NN,1.06511,262
3,BRISK,259.631,275,FREAK,31.4419,MAT_BF,SEL_NN,0.831303,270
4,BRISK,216.833,289,FREAK,33.1608,MAT_BF,SEL_NN,0.95378,252
5,BRISK,240.951,268,FREAK,31.445999999999998,MAT_BF,SEL_NN,1.21584,269
6,BRISK,206.227,259,FREAK,30.372,MAT_BF,SEL_NN,1.2199200000000001,251
7,BRISK,205.733,250,FREAK,27.774,MAT_BF,SEL_NN,1.24594,236
0,HARRIS,21.641,18,FREAK,27.9379,MAT_FLANN,SEL_KNN,1.6716,7
1,HARRIS,20.963,21,FREAK,34.2983,MAT_FLANN,SEL_KNN,1.13024,13
2,HARRIS,20.0953,26,FREAK,32.0585,MAT_FLANN,SEL_KNN,2.15897,16
3,HARRIS,30.4792,43,FREAK,28.6911,MAT_FLANN,SEL_KNN,1.7550400000000002,18
4,HARRIS,18.6669,18,FREAK,29.7111,MAT_FLANN,SEL_KNN,2.35418,16
5,HARRIS,27.0442,31,FREAK,29.9511,MAT_FLANN,SEL_KNN,1.80404,12
6,HARRIS,23.0883,26,FREAK,33.176,MAT_FLANN,SEL_KNN,1.64031,17
7,HARRIS,24.6789,34,FREAK,36.4674,MAT_FLANN,SEL_KNN,1.69485,16
0,SHITOMASI,16.4958,123,SIFT,22.1813,MAT_BF,SEL_NN,0.354779,118
1,SHITOMASI,17.129,120,SIFT,21.7141,MAT_BF,SEL_NN,0.579735,123
2,SHITOMASI,16.5142,120,SIFT,23.0057,MAT_BF,SEL_NN,0.404725,120
3,SHITOMASI,16.6775,113,SIFT,24.0598,MAT_BF,SEL_NN,0.4202,120
4,SHITOMASI,17.3114,114,SIFT,21.7899,MAT_BF,SEL_NN,0.361555,113
5,SHITOMASI,18.0866,123,SIFT,21.933000000000003,MAT_BF,SEL_NN,0.352512,114
6,SHITOMASI,19.1905,111,SIFT,22.2667,MAT_BF,SEL_NN,0.524504,123
7,SHITOMASI,17.3805,112,SIFT,21.1664,MAT_BF,SEL_NN,0.378826,111
0,AKAZE,110.787,159,SIFT,36.7271,MAT_BF,SEL_NN,0.757718,157
1,AKAZE,101.21799999999999,154,SIFT,36.5861,MAT_BF,SEL_NN,0.550291,159
2,AKAZE,106.811,162,SIFT,43.6145,MAT_BF,SEL_NN,1.09396,154
3,AKAZE,125.046,163,SIFT,44.4973,MAT_BF,SEL_NN,0.7405609999999999,162
4,AKAZE,135.925,173,SIFT,43.6415,MAT_BF,SEL_NN,0.8354520000000001,163
5,AKAZE,130.44899999999998,175,SIFT,40.7064,MAT_BF,SEL_NN,0.729294,173
6,AKAZE,110.775,175,SIFT,32.6472,MAT_BF,SEL_NN,0.709879,175
7,AKAZE,109.333,175,SIFT,35.6299,MAT_BF,SEL_NN,0.8983209999999999,175
0,AKAZE,111.21600000000001,159,BRIEF,3.0839,MAT_BF,SEL_NN,0.636558,157
1,AKAZE,124.228,154,BRIEF,2.85351,MAT_BF,SEL_NN,0.579132,159
2,AKAZE,115.288,162,BRIEF,3.00726,MAT_BF,SEL_NN,0.496438,154
3,AKAZE,102.838,163,BRIEF,1.18497,MAT_BF,SEL_NN,0.853216,162
4,AKAZE,98.787,173,BRIEF,3.33796,MAT_BF,SEL_NN,0.648883,163
5,AKAZE,98.8043,175,BRIEF,2.91554,MAT_BF,SEL_NN,0.6242880000000001,173
6,AKAZE,101.976,175,BRIEF,2.64812,MAT_BF,SEL_NN,0.637592,175
7,AKAZE,97.624,175,BRIEF,2.9452,MAT_BF,SEL_NN,0.476716,175
0,SHITOMASI,17.7627,123,SIFT,21.9606,MAT_FLANN,SEL_NN,2.52402,118
1,SHITOMASI,19.0165,120,SIFT,25.2189,MAT_FLANN,SEL_NN,3.1272900000000003,123
2,SHITOMASI,16.9442,120,SIFT,22.0205,MAT_FLANN,SEL_NN,2.42073,120
3,SHITOMASI,14.8864,113,SIFT,21.0624,MAT_FLANN,SEL_NN,1.95682,120
4,SHITOMASI,17.479,114,SIFT,23.0576,MAT_FLANN,SEL_NN,2.6,113
5,SHITOMASI,15.6191,123,SIFT,22.3692,MAT_FLANN,SEL_NN,2.676,114
6,SHITOMASI,15.8878,111,SIFT,20.4656,MAT_FLANN,SEL_NN,1.88758,123
7,SHITOMASI,17.0647,112,SIFT,20.6084,MAT_FLANN,SEL_NN,3.99249,111
0,FAST,2.7379700000000002,404,BRIEF,3.0158,MAT_BF,SEL_NN,2.8298400000000004,427
1,FAST,2.94413,423,BRIEF,3.3948099999999997,MAT_BF,SEL_NN,2.48847,404
2,FAST,2.53684,386,BRIEF,1.33285,MAT_BF,SEL_NN,2.1337200000000003,423
3,FAST,2.25244,414,BRIEF,1.77102,MAT_BF,SEL_NN,1.60985,386
4,FAST,2.42949,418,BRIEF,1.46002,MAT_BF,SEL_NN,2.1543200000000002,414
5,FAST,2.35055,406,BRIEF,1.6318700000000002,MAT_BF,SEL_NN,3.7577599999999998,418
6,FAST,2.47474,396,BRIEF,2.9863299999999997,MAT_BF,SEL_NN,2.83743,406
7,FAST,3.25335,401,BRIEF,1.92639,MAT_BF,SEL_NN,2.34524,396
0,FAST,3.1232900000000003,404,FREAK,34.8408,MAT_BF,SEL_KNN,2.6808799999999997,247
1,FAST,1.9487299999999999,423,FREAK,32.6069,MAT_BF,SEL_KNN,2.69913,233
2,FAST,2.23638,386,FREAK,32.2882,MAT_BF,SEL_KNN,3.01087,255
3,FAST,2.1924099999999997,414,FREAK,33.1463,MAT_BF,SEL_KNN,2.51841,231
4,FAST,2.39681,418,FREAK,31.4639,MAT_BF,SEL_KNN,2.05145,265
5,FAST,2.0434,406,FREAK,31.1274,MAT_BF,SEL_KNN,3.55595,251
6,FAST,2.14332,396,FREAK,30.3323,MAT_BF,SEL_KNN,1.90127,253
7,FAST,3.31494,401,FREAK,29.6562,MAT_BF,SEL_KNN,1.8824,247
0,SHITOMASI,16.5731,123,FREAK,32.6782,MAT_FLANN,SEL_NN,1.7857299999999998,118
1,SHITOMASI,16.7235,120,FREAK,30.2043,MAT_FLANN,SEL_NN,2.48102,123
2,SHITOMASI,18.3507,120,FREAK,30.5537,MAT_FLANN,SEL_NN,2.46939,120
3,SHITOMASI,16.8577,113,FREAK,32.3507,MAT_FLANN,SEL_NN,1.73565,120
4,SHITOMASI,17.2867,114,FREAK,30.8916,MAT_FLANN,SEL_NN,2.31199,113
5,SHITOMASI,17.5254,123,FREAK,34.9238,MAT_FLANN,SEL_NN,2.41013,114
6,SHITOMASI,18.6665,111,FREAK,31.0721,MAT_FLANN,SEL_NN,2.40951,123
7,SHITOMASI,17.5873,112,FREAK,32.8834,MAT_FLANN,SEL_NN,1.61704,111
0,BRISK,204.582,276,ORB,16.8353,MAT_BF,SEL_NN,2.74792,274
1,BRISK,206.96400000000003,275,ORB,12.805,MAT_BF,SEL_NN,0.974615,276
2,BRISK,200.733,293,ORB,12.6657,MAT_BF,SEL_NN,0.9937540000000001,275
3,BRISK,202.645,275,ORB,13.5026,MAT_BF,SEL_NN,1.10648,293
4,BRISK,231.87400000000002,289,ORB,11.5413,MAT_BF,SEL_NN,1.0972600000000001,275
5,BRISK,206.36900000000003,268,ORB,12.6,MAT_BF,SEL_NN,0.986786,289
6,BRISK,201.868,259,ORB,12.8352,MAT_BF,SEL_NN,0.9694379999999999,268
7,BRISK,239.387,250,ORB,20.0723,MAT_BF,SEL_NN,1.48916,259
0,HARRIS,19.9333,18,ORB,5.1925099999999995,MAT_FLANN,SEL_KNN,0.400995,11
1,HARRIS,17.4607,21,ORB,4.48013,MAT_FLANN,SEL_KNN,0.648989,15
2,HARRIS,22.1703,26,ORB,4.144769999999999,MAT_FLANN,SEL_KNN,0.632931,17
3,HARRIS,31.7767,43,ORB,3.30225,MAT_FLANN,SEL_KNN,0.597418,20
4,HARRIS,20.3873,18,ORB,7.02452,MAT_FLANN,SEL_KNN,0.977,18
5,HARRIS,21.2773,31,ORB,5.43125,MAT_FLANN,SEL_KNN,0.8097260000000001,12
6,HARRIS,22.5197,26,ORB,5.25676,MAT_FLANN,SEL_KNN,0.737667,21
7,HARRIS,29.2855,34,ORB,5.40367,MAT_FLANN,SEL_KNN,0.792604,20
0,SHITOMASI,16.0302,123,BRIEF,1.52234,MAT_FLANN,SEL_NN,1.5383799999999999,118
1,SHITOMASI,15.8692,120,BRIEF,1.9249599999999998,MAT_FLANN,SEL_NN,2.1346,123
2,SHITOMASI,16.1503,120,BRIEF,1.60293,MAT_FLANN,SEL_NN,1.83128,120
3,SHITOMASI,17.348,113,BRIEF,1.7903099999999998,MAT_FLANN,SEL_NN,1.47796,120
4,SHITOMASI,15.2641,114,BRIEF,2.03499,MAT_FLANN,SEL_NN,1.59191,113
5,SHITOMASI,17.7076,123,BRIEF,3.09482,MAT_FLANN,SEL_NN,1.8222099999999999,114
6,SHITOMASI,14.7811,111,BRIEF,3.03615,MAT_FLANN,SEL_NN,1.8805599999999998,123
7,SHITOMASI,16.9714,112,BRIEF,3.19666,MAT_FLANN,SEL_NN,1.6333,111
0,HARRIS,19.7542,18,SIFT,30.3654,MAT_BF,SEL_KNN,0.136996,11
1,HARRIS,22.2306,21,SIFT,30.2959,MAT_BF,SEL_KNN,0.7211850000000001,16
2,HARRIS,19.5071,26,SIFT,20.5107,MAT_BF,SEL_KNN,0.098969,19
3,HARRIS,38.5967,43,SIFT,25.0661,MAT_BF,SEL_KNN,0.14607,22
4,HARRIS,22.3192,18,SIFT,23.625999999999998,MAT_BF,SEL_KNN,0.166201,22
5,HARRIS,29.2899,31,SIFT,25.4127,MAT_BF,SEL_KNN,0.17311600000000002,13
6,HARRIS,29.6469,26,SIFT,33.3746,MAT_BF,SEL_KNN,0.16861700000000002,24
7,HARRIS,42.4416,34,SIFT,25.623,MAT_BF,SEL_KNN,0.139045,22
0,SHITOMASI,19.669,123,ORB,6.04146,MAT_FLANN,SEL_NN,2.15509,118
1,SHITOMASI,19.3938,120,ORB,4.50703,MAT_FLANN,SEL_NN,2.18077,123
2,SHITOMASI,19.7843,120,ORB,5.3697,MAT_FLANN,SEL_NN,3.39017,120
3,SHITOMASI,15.5704,113,ORB,4.47958,MAT_FLANN,SEL_NN,1.38452,120
4,SHITOMASI,16.3332,114,ORB,3.7718300000000005,MAT_FLANN,SEL_NN,2.03064,113
5,SHITOMASI,17.9343,123,ORB,4.437880000000001,MAT_FLANN,SEL_NN,2.07111,114
6,SHITOMASI,16.1672,111,ORB,7.19835,MAT_FLANN,SEL_NN,1.52034,123
7,SHITOMASI,16.2457,112,ORB,4.58381,MAT_FLANN,SEL_NN,2.0716099999999997,111
0,AKAZE,110.613,159,FREAK,34.6841,MAT_FLANN,SEL_KNN,2.64296,105
1,AKAZE,107.881,154,FREAK,47.8481,MAT_FLANN,SEL_KNN,5.64185,95
2,AKAZE,143.97,162,FREAK,42.4521,MAT_FLANN,SEL_KNN,3.3953599999999997,99
3,AKAZE,181.237,163,FREAK,47.0125,MAT_FLANN,SEL_KNN,4.04092,96
4,AKAZE,129.161,173,FREAK,34.5798,MAT_FLANN,SEL_KNN,2.64831,116
5,AKAZE,115.695,175,FREAK,43.5401,MAT_FLANN,SEL_KNN,2.62343,125
6,AKAZE,121.134,175,FREAK,37.1684,MAT_FLANN,SEL_KNN,3.0613,116
7,AKAZE,115.465,175,FREAK,40.0508,MAT_FLANN,SEL_KNN,3.4739,114
0,BRISK,485.811,276,ORB,37.5686,MAT_BF,SEL_KNN,2.72952,164
1,BRISK,513.221,275,ORB,43.1496,MAT_BF,SEL_KNN,2.72361,155
2,BRISK,524.312,293,ORB,36.0628,MAT_BF,SEL_KNN,6.95263,165
3,BRISK,469.63,275,ORB,36.9476,MAT_BF,SEL_KNN,5.00654,150
4,BRISK,491.311,289,ORB,36.363,MAT_BF,SEL_KNN,2.48152,179
5,BRISK,492.49800000000005,268,ORB,43.5434,MAT_BF,SEL_KNN,2.59457,169
6,BRISK,675.128,259,ORB,46.9935,MAT_BF,SEL_KNN,3.72641,173
7,BRISK,523.3430000000001,250,ORB,43.1801,MAT_BF,SEL_KNN,2.8133,171
0,SIFT,184.051,121,BRIEF,2.08423,MAT_FLANN,SEL_NN,1.63557,131
1,SIFT,161.113,135,BRIEF,2.0970299999999997,MAT_FLANN,SEL_NN,1.37032,121
2,SIFT,160.095,134,BRIEF,2.13813,MAT_FLANN,SEL_NN,1.68488,135
3,SIFT,187.27,139,BRIEF,2.19835,MAT_FLANN,SEL_NN,2.1869099999999997,134
4,SIFT,154.289,136,BRIEF,2.33798,MAT_FLANN,SEL_NN,2.39912,139
5,SIFT,163.636,147,BRIEF,2.51425,MAT_FLANN,SEL_NN,2.2757400000000003,136
6,SIFT,168.762,156,BRIEF,2.2376099999999997,MAT_FLANN,SEL_NN,2.2081,147
7,SIFT,178.27,135,BRIEF,2.24135,MAT_FLANN,SEL_NN,1.88116,156
0,ORB,10.8588,106,SIFT,68.5304,MAT_BF,SEL_NN,0.30194299999999996,102
1,ORB,10.44,113,SIFT,69.1474,MAT_BF,SEL_NN,0.48828299999999997,106
2,ORB,11.0943,109,SIFT,62.1475,MAT_BF,SEL_NN,0.44129399999999996,113
3,ORB,14.3676,124,SIFT,78.7804,MAT_BF,SEL_NN,0.542704,109
4,ORB,11.8763,129,SIFT,78.6146,MAT_BF,SEL_NN,0.48231199999999996,124
5,ORB,14.7222,127,SIFT,68.1764,MAT_BF,SEL_NN,0.435359,129
6,ORB,11.6529,124,SIFT,85.6653,MAT_BF,SEL_NN,0.466265,127
7,ORB,11.7503,125,SIFT,82.6874,MAT_BF,SEL_NN,0.523284,124
0,ORB,11.2967,106,BRIEF,0.5700970000000001,MAT_FLANN,SEL_KNN,1.46384,38
1,ORB,14.4044,113,BRIEF,1.1717799999999998,MAT_FLANN,SEL_KNN,2.17964,40
2,ORB,14.1638,109,BRIEF,0.567982,MAT_FLANN,SEL_KNN,1.45439,53
3,ORB,14.9951,124,BRIEF,1.6583400000000001,MAT_FLANN,SEL_KNN,2.18071,42
4,ORB,14.7733,129,BRIEF,0.651521,MAT_FLANN,SEL_KNN,1.9984099999999998,61
5,ORB,10.8854,127,BRIEF,0.78657,MAT_FLANN,SEL_KNN,1.9337799999999998,59
6,ORB,9.22507,124,BRIEF,1.07017,MAT_FLANN,SEL_KNN,2.37577,63
7,ORB,11.5537,125,BRIEF,1.38133,MAT_FLANN,SEL_KNN,2.48811,60
0,BRISK,205.80200000000002,276,BRIEF,3.06209,MAT_BF,SEL_KNN,1.3897,195
1,BRISK,211.642,275,BRIEF,1.37878,MAT_BF,SEL_KNN,2.2238700000000002,182
2,BRISK,225.21400000000003,293,BRIEF,1.3015299999999999,MAT_BF,SEL_KNN,3.52779,177
3,BRISK,219.665,275,BRIEF,3.2829,MAT_BF,SEL_KNN,1.4563,182
4,BRISK,209.407,289,BRIEF,3.26343,MAT_BF,SEL_KNN,1.27883,193
5,BRISK,216.387,268,BRIEF,0.896191,MAT_BF,SEL_KNN,1.13824,208
6,BRISK,199.763,259,BRIEF,2.58336,MAT_BF,SEL_KNN,1.36867,185
7,BRISK,200.917,250,BRIEF,0.94995,MAT_BF,SEL_KNN,0.7689020000000001,179
0,SIFT,136.398,121,FREAK,34.2756,MAT_FLANN,SEL_NN,2.13385,130
1,SIFT,132.502,135,FREAK,32.3967,MAT_FLANN,SEL_NN,2.1561,120
2,SIFT,131.958,134,FREAK,31.5037,MAT_FLANN,SEL_NN,1.79498,134
3,SIFT,133.847,139,FREAK,32.4023,MAT_FLANN,SEL_NN,1.73187,133
4,SIFT,139.392,136,FREAK,35.4901,MAT_FLANN,SEL_NN,3.555,138
5,SIFT,155.088,147,FREAK,34.9494,MAT_FLANN,SEL_NN,2.29799,134
6,SIFT,165.87,156,FREAK,39.7607,MAT_FLANN,SEL_NN,2.10681,146
7,SIFT,168.321,135,FREAK,32.4358,MAT_FLANN,SEL_NN,1.9499400000000002,155
0,AKAZE,98.3143,159,BRIEF,1.6424400000000001,MAT_BF,SEL_KNN,0.6531560000000001,133
1,AKAZE,96.6875,154,BRIEF,1.29564,MAT_BF,SEL_KNN,0.902075,130
2,AKAZE,103.53200000000001,162,BRIEF,2.46435,MAT_BF,SEL_KNN,0.7398060000000001,130
3,AKAZE,97.4599,163,BRIEF,1.27165,MAT_BF,SEL_KNN,0.9531379999999999,134
4,AKAZE,95.9675,173,BRIEF,1.20753,MAT_BF,SEL_KNN,0.696399,146
5,AKAZE,98.5751,175,BRIEF,3.16948,MAT_BF,SEL_KNN,0.757428,150
6,AKAZE,98.8014,175,BRIEF,3.17462,MAT_BF,SEL_KNN,0.591267,147
7,AKAZE,97.4183,175,BRIEF,3.1644,MAT_BF,SEL_KNN,0.546632,150
0,BRISK,286.288,276,FREAK,33.2621,MAT_FLANN,SEL_KNN,4.51361,128
1,BRISK,259.008,275,FREAK,41.6125,MAT_FLANN,SEL_KNN,4.70831,116
2,BRISK,251.42700000000002,293,FREAK,32.4154,MAT_FLANN,SEL_KNN,5.07125,118
3,BRISK,268.76599999999996,275,FREAK,37.6531,MAT_FLANN,SEL_KNN,7.066,100
4,BRISK,216.486,289,FREAK,26.8069,MAT_FLANN,SEL_KNN,5.25,131
5,BRISK,200.179,268,FREAK,29.2458,MAT_FLANN,SEL_KNN,4.712619999999999,137
6,BRISK,198.90900000000002,259,FREAK,28.5181,MAT_FLANN,SEL_KNN,5.61984,127
7,BRISK,213.137,250,FREAK,27.7187,MAT_FLANN,SEL_KNN,3.72747,126
0,SHITOMASI,16.3556,123,FREAK,31.9394,MAT_FLANN,SEL_KNN,2.78683,68
1,SHITOMASI,15.9597,120,FREAK,27.9319,MAT_FLANN,SEL_KNN,1.9056400000000002,66
2,SHITOMASI,15.1223,120,FREAK,29.0571,MAT_FLANN,SEL_KNN,2.26532,64
3,SHITOMASI,15.9236,113,FREAK,27.8117,MAT_FLANN,SEL_KNN,1.82627,63
4,SHITOMASI,14.1888,114,FREAK,33.4956,MAT_FLANN,SEL_KNN,2.69003,64
5,SHITOMASI,18.1543,123,FREAK,34.1036,MAT_FLANN,SEL_KNN,2.70648,63
6,SHITOMASI,18.1456,111,FREAK,35.0992,MAT_FLANN,SEL_KNN,2.53804,67
7,SHITOMASI,19.0917,112,FREAK,35.8549,MAT_FLANN,SEL_KNN,1.94303,65
0,HARRIS,31.284000000000002,18,FREAK,51.1075,MAT_BF,SEL_NN,0.11263699999999999,14
1,HARRIS,30.0076,21,FREAK,50.5009,MAT_BF,SEL_NN,0.127028,18
2,HARRIS,28.0573,26,FREAK,49.7265,MAT_BF,SEL_NN,0.195848,21
3,HARRIS,45.4076,43,FREAK,50.2832,MAT_BF,SEL_NN,0.193105,26
4,HARRIS,25.8294,18,FREAK,51.0499,MAT_BF,SEL_NN,0.161385,43
5,HARRIS,38.8537,31,FREAK,53.2668,MAT_BF,SEL_NN,0.142827,18
6,HARRIS,36.4328,26,FREAK,52.4763,MAT_BF,SEL_NN,0.205038,31
7,HARRIS,33.7853,34,FREAK,48.8554,MAT_BF,SEL_NN,0.15773,26
0,BRISK,248.764,276,BRIEF,1.45448,MAT_FLANN,SEL_NN,4.73388,274
1,BRISK,246.445,275,BRIEF,1.3102,MAT_FLANN,SEL_NN,4.04619,276
2,BRISK,235.041,293,BRIEF,0.9370719999999999,MAT_FLANN,SEL_NN,3.6800699999999997,275
3,BRISK,245.785,275,BRIEF,2.05563,MAT_FLANN,SEL_NN,4.5872,293
4,BRISK,264.931,289,BRIEF,1.4944,MAT_FLANN,SEL_NN,3.7262,275
5,BRISK,239.945,268,BRIEF,1.41493,MAT_FLANN,SEL_NN,3.60435,289
6,BRISK,241.93900000000002,259,BRIEF,1.41206,MAT_FLANN,SEL_NN,4.718319999999999,268
7,BRISK,286.584,250,BRIEF,0.87165,MAT_FLANN,SEL_NN,3.27674,259
0,ORB,21.1919,106,ORB,47.2617,MAT_FLANN,SEL_KNN,1.91976,52
1,ORB,10.2424,113,ORB,20.0839,MAT_FLANN,SEL_KNN,4.56999,45
2,ORB,20.2214,109,ORB,26.5969,MAT_FLANN,SEL_KNN,2.08854,54
3,ORB,11.3794,124,ORB,23.8633,MAT_FLANN,SEL_KNN,2.11063,54
4,ORB,12.1938,129,ORB,32.1591,MAT_FLANN,SEL_KNN,2.84822,63
5,ORB,14.2192,127,ORB,22.4458,MAT_FLANN,SEL_KNN,2.92214,69
6,ORB,15.6799,124,ORB,22.2029,MAT_FLANN,SEL_KNN,2.24377,64
7,ORB,10.8163,125,ORB,22.214000000000002,MAT_FLANN,SEL_KNN,1.99365,72
0,AKAZE,110.822,159,ORB,14.6886,MAT_BF,SEL_NN,0.551982,157
1,AKAZE,114.62299999999999,154,ORB,9.17964,MAT_BF,SEL_NN,0.7584960000000001,159
2,AKAZE,110.897,162,ORB,10.3216,MAT_BF,SEL_NN,0.53796,154
3,AKAZE,95.221,163,ORB,9.86116,MAT_BF,SEL_NN,0.578964,162
4,AKAZE,93.0651,173,ORB,11.3169,MAT_BF,SEL_NN,0.721986,163
5,AKAZE,98.5111,175,ORB,9.6705,MAT_BF,SEL_NN,0.61664,173
6,AKAZE,101.439,175,ORB,13.0016,MAT_BF,SEL_NN,0.787607,175
7,AKAZE,104.416,175,ORB,13.2356,MAT_BF,SEL_NN,0.562399,175
0,HARRIS,34.4354,18,FREAK,60.1244,MAT_BF,SEL_KNN,0.5648529999999999,13
1,HARRIS,36.0467,21,FREAK,56.8334,MAT_BF,SEL_KNN,0.21395300000000003,15
2,HARRIS,34.246,26,FREAK,56.2647,MAT_BF,SEL_KNN,0.17581,15
3,HARRIS,55.08,43,FREAK,58.5735,MAT_BF,SEL_KNN,0.661217,17
4,HARRIS,35.87,18,FREAK,53.5407,MAT_BF,SEL_KNN,0.20984499999999998,20
5,HARRIS,35.1975,31,FREAK,55.1163,MAT_BF,SEL_KNN,0.17803,12
6,HARRIS,38.186,26,FREAK,58.2887,MAT_BF,SEL_KNN,0.23395500000000002,21
7,HARRIS,60.2268,34,FREAK,71.4442,MAT_BF,SEL_KNN,0.33964,18
0,BRISK,233.783,276,FREAK,35.641,MAT_FLANN,SEL_NN,4.08561,252
1,BRISK,279.97,275,FREAK,36.672,MAT_FLANN,SEL_NN,5.80234,257
2,BRISK,278.35900000000004,293,FREAK,33.3109,MAT_FLANN,SEL_NN,6.00855,262
3,BRISK,246.717,275,FREAK,37.5321,MAT_FLANN,SEL_NN,5.3511,270
4,BRISK,269.48,289,FREAK,31.4178,MAT_FLANN,SEL_NN,5.354430000000001,252
5,BRISK,268.927,268,FREAK,31.6094,MAT_FLANN,SEL_NN,6.20058,269
6,BRISK,275.135,259,FREAK,40.2926,MAT_FLANN,SEL_NN,4.09293,251
7,BRISK,235.618,250,FREAK,38.5049,MAT_FLANN,SEL_NN,3.79125,236
0,AKAZE,128.761,159,ORB,13.8678,MAT_FLANN,SEL_NN,2.6191400000000002,157
1,AKAZE,133.892,154,ORB,13.099,MAT_FLANN,SEL_NN,2.70835,159
2,AKAZE,119.333,162,ORB,12.2439,MAT_FLANN,SEL_NN,4.93882,154
3,AKAZE,137.875,163,ORB,11.795,MAT_FLANN,SEL_NN,2.73813,162
4,AKAZE,114.446,173,ORB,14.0025,MAT_FLANN,SEL_NN,3.6301099999999997,163
5,AKAZE,108.994,175,ORB,7.612430000000001,MAT_FLANN,SEL_NN,2.29376,173
6,AKAZE,108.677,175,ORB,8.85299,MAT_FLANN,SEL_NN,2.64376,175
7,AKAZE,108.40799999999999,175,ORB,12.2939,MAT_FLANN,SEL_NN,5.12721,175
0,FAST,2.86733,404,SIFT,37.6395,MAT_FLANN,SEL_NN,7.92392,427
1,FAST,1.8398299999999999,423,SIFT,34.4234,MAT_FLANN,SEL_NN,6.961639999999999,404
2,FAST,1.8884599999999998,386,SIFT,32.796,MAT_FLANN,SEL_NN,6.685739999999999,423
3,FAST,1.84955,414,SIFT,34.4431,MAT_FLANN,SEL_NN,6.6523699999999995,386
4,FAST,1.8679700000000001,418,SIFT,34.2282,MAT_FLANN,SEL_NN,8.35401,414
5,FAST,1.88822,406,SIFT,39.0095,MAT_FLANN,SEL_NN,8.076210000000001,418
6,FAST,1.82906,396,SIFT,39.7508,MAT_FLANN,SEL_NN,7.333989999999999,406
7,FAST,1.8738599999999999,401,SIFT,33.1814,MAT_FLANN,SEL_NN,6.6036,396
0,FAST,2.95485,404,SIFT,41.5575,MAT_BF,SEL_NN,3.4778300000000004,427
1,FAST,2.4719700000000002,423,SIFT,40.6539,MAT_BF,SEL_NN,3.0596799999999997,404
2,FAST,3.19305,386,SIFT,38.6924,MAT_BF,SEL_NN,3.5127,423
3,FAST,2.25389,414,SIFT,38.3023,MAT_BF,SEL_NN,2.98496,386
4,FAST,4.17172,418,SIFT,40.0088,MAT_BF,SEL_NN,3.8483400000000003,414
5,FAST,2.61148,406,SIFT,43.6352,MAT_BF,SEL_NN,3.5349199999999996,418
6,FAST,2.12438,396,SIFT,54.6846,MAT_BF,SEL_NN,5.21759,406
7,FAST,5.38267,401,SIFT,59.3498,MAT_BF,SEL_NN,7.09587,396
0,BRISK,266.842,276,ORB,14.3225,MAT_FLANN,SEL_NN,3.8226400000000003,274
1,BRISK,238.455,275,ORB,26.1075,MAT_FLANN,SEL_NN,11.5948,276
2,BRISK,274.371,293,ORB,16.6351,MAT_FLANN,SEL_NN,4.9675199999999995,275
3,BRISK,231.521,275,ORB,19.0987,MAT_FLANN,SEL_NN,4.65716,293
4,BRISK,235.827,289,ORB,16.3734,MAT_FLANN,SEL_NN,6.0479199999999995,275
5,BRISK,224.58,268,ORB,15.6952,MAT_FLANN,SEL_NN,4.607480000000001,289
6,BRISK,260.868,259,ORB,18.4725,MAT_FLANN,SEL_NN,4.057180000000001,268
7,BRISK,239.458,250,ORB,22.0797,MAT_FLANN,SEL_NN,5.34168,259
0,HARRIS,44.9595,18,BRIEF,5.12983,MAT_FLANN,SEL_KNN,1.07776,12
1,HARRIS,23.7099,21,BRIEF,1.7335900000000002,MAT_FLANN,SEL_KNN,0.48442299999999994,14
2,HARRIS,30.5703,26,BRIEF,4.907769999999999,MAT_FLANN,SEL_KNN,3.11597,17
3,HARRIS,72.7248,43,BRIEF,10.6028,MAT_FLANN,SEL_KNN,0.793706,17
4,HARRIS,31.6556,18,BRIEF,2.35005,MAT_FLANN,SEL_KNN,1.05049,16
5,HARRIS,38.7498,31,BRIEF,1.29617,MAT_FLANN,SEL_KNN,0.8125140000000001,12
6,HARRIS,38.9733,26,BRIEF,1.35976,MAT_FLANN,SEL_KNN,0.731454,20
7,HARRIS,56.1232,34,BRIEF,2.70028,MAT_FLANN,SEL_KNN,1.14534,21
0,HARRIS,44.67,18,BRIEF,1.3992799999999999,MAT_BF,SEL_NN,0.17011800000000002,14
1,HARRIS,32.9627,21,BRIEF,1.767,MAT_BF,SEL_NN,0.11508199999999999,18
2,HARRIS,44.233000000000004,26,BRIEF,1.96324,MAT_BF,SEL_NN,0.14208800000000002,21
3,HARRIS,56.6007,43,BRIEF,1.65822,MAT_BF,SEL_NN,0.178067,26
4,HARRIS,34.8752,18,BRIEF,1.7024599999999999,MAT_BF,SEL_NN,0.15765,43
5,HARRIS,41.3901,31,BRIEF,1.47796,MAT_BF,SEL_NN,0.14077,18
6,HARRIS,35.4046,26,BRIEF,1.96511,MAT_BF,SEL_NN,0.197135,31
7,HARRIS,48.1994,34,BRIEF,1.8662400000000001,MAT_BF,SEL_NN,0.13109300000000002,26
0,SHITOMASI,22.1502,123,SIFT,36.6537,MAT_FLANN,SEL_KNN,3.2528900000000003,108
1,SHITOMASI,20.6377,120,SIFT,24.3074,MAT_FLANN,SEL_KNN,6.26382,104
2,SHITOMASI,23.1587,120,SIFT,22.9454,MAT_FLANN,SEL_KNN,3.8851,103
3,SHITOMASI,19.247,113,SIFT,32.3387,MAT_FLANN,SEL_KNN,3.8973800000000005,99
4,SHITOMASI,19.4469,114,SIFT,30.7737,MAT_FLANN,SEL_KNN,4.11965,101
5,SHITOMASI,18.0884,123,SIFT,26.7135,MAT_FLANN,SEL_KNN,2.86101,96
6,SHITOMASI,17.5864,111,SIFT,23.9368,MAT_FLANN,SEL_KNN,2.42792,106
7,SHITOMASI,17.2811,112,SIFT,22.8376,MAT_FLANN,SEL_KNN,2.56918,97
0,ORB,10.4254,106,FREAK,31.4034,MAT_BF,SEL_KNN,0.372568,36
1,ORB,9.2067,113,FREAK,31.3508,MAT_BF,SEL_KNN,0.20211700000000002,44
2,ORB,10.5662,109,FREAK,29.635,MAT_BF,SEL_KNN,0.175483,47
3,ORB,11.1516,124,FREAK,32.4715,MAT_BF,SEL_KNN,0.360469,44
4,ORB,11.4472,129,FREAK,31.6471,MAT_BF,SEL_KNN,0.31414899999999996,51
5,ORB,10.0264,127,FREAK,30.3364,MAT_BF,SEL_KNN,0.205783,52
6,ORB,8.42285,124,FREAK,30.6951,MAT_BF,SEL_KNN,0.24599000000000001,47
7,ORB,8.7069,125,FREAK,32.1077,MAT_BF,SEL_KNN,0.258265,54
0,HARRIS,24.7568,18,SIFT,23.6954,MAT_BF,SEL_NN,0.09473,14
1,HARRIS,22.5496,21,SIFT,37.7146,MAT_BF,SEL_NN,0.11059000000000001,18
2,HARRIS,32.4441,26,SIFT,33.5916,MAT_BF,SEL_NN,0.08731900000000001,21
3,HARRIS,45.0268,43,SIFT,35.8468,MAT_BF,SEL_NN,0.120719,26
4,HARRIS,21.8528,18,SIFT,28.680999999999997,MAT_BF,SEL_NN,0.11529600000000001,43
5,HARRIS,25.8566,31,SIFT,30.706,MAT_BF,SEL_NN,0.08932899999999999,18
6,HARRIS,24.7567,26,SIFT,39.2547,MAT_BF,SEL_NN,0.18201199999999998,31
7,HARRIS,33.3573,34,SIFT,30.42,MAT_BF,SEL_NN,0.120815,26
0,SIFT,134.68,121,SIFT,90.3795,MAT_FLANN,SEL_KNN,2.98686,80
1,SIFT,137.963,135,SIFT,100.589,MAT_FLANN,SEL_KNN,2.71943,82
2,SIFT,139.63299999999998,134,SIFT,95.6143,MAT_FLANN,SEL_KNN,3.2452,92
3,SIFT,145.841,139,SIFT,90.7808,MAT_FLANN,SEL_KNN,3.03862,91
4,SIFT,139.395,136,SIFT,89.7343,MAT_FLANN,SEL_KNN,4.58162,82
5,SIFT,161.131,147,SIFT,94.1662,MAT_FLANN,SEL_KNN,4.53138,82
6,SIFT,140.554,156,SIFT,92.0815,MAT_FLANN,SEL_KNN,3.28767,101
7,SIFT,144.55,135,SIFT,92.0253,MAT_FLANN,SEL_KNN,3.7256,102
0,HARRIS,19.9132,18,SIFT,21.0194,MAT_FLANN,SEL_NN,0.270492,14
1,HARRIS,16.9633,21,SIFT,22.1665,MAT_FLANN,SEL_NN,0.336375,18
2,HARRIS,18.1716,26,SIFT,21.9373,MAT_FLANN,SEL_NN,0.344497,21
3,HARRIS,30.8744,43,SIFT,21.4328,MAT_FLANN,SEL_NN,0.5768989999999999,26
4,HARRIS,19.1809,18,SIFT,21.1853,MAT_FLANN,SEL_NN,0.890985,43
5,HARRIS,21.9294,31,SIFT,30.0204,MAT_FLANN,SEL_NN,0.501999,18
6,HARRIS,23.1709,26,SIFT,29.5492,MAT_FLANN,SEL_NN,0.585348,31
7,HARRIS,30.6128,34,SIFT,28.2374,MAT_FLANN,SEL_NN,0.5920979999999999,26
0,AKAZE,117.02799999999999,159,AKAZE,95.9184,MAT_FLANN,SEL_KNN,3.1818,128
1,AKAZE,146.835,154,AKAZE,99.4512,MAT_FLANN,SEL_KNN,2.9428900000000002,124
2,AKAZE,119.137,162,AKAZE,88.6347,MAT_FLANN,SEL_KNN,2.60602,116
3,AKAZE,113.24799999999999,163,AKAZE,98.5579,MAT_FLANN,SEL_KNN,2.89585,121
4,AKAZE,106.69200000000001,173,AKAZE,90.8794,MAT_FLANN,SEL_KNN,4.30435,131
5,AKAZE,108.62899999999999,175,AKAZE,101.046,MAT_FLANN,SEL_KNN,3.3698099999999998,139
6,AKAZE,118.72,175,AKAZE,108.74700000000001,MAT_FLANN,SEL_KNN,4.2245800000000004,137
7,AKAZE,120.708,175,AKAZE,95.7585,MAT_FLANN,SEL_KNN,3.34844,143
0,FAST,3.12019,404,BRIEF,2.41153,MAT_FLANN,SEL_KNN,19.756,330
1,FAST,3.5130199999999996,423,BRIEF,1.7092,MAT_FLANN,SEL_KNN,21.2502,298
2,FAST,2.57432,386,BRIEF,2.06058,MAT_FLANN,SEL_KNN,16.7685,331
3,FAST,2.06656,414,BRIEF,2.3982099999999997,MAT_FLANN,SEL_KNN,16.4486,277
4,FAST,2.05848,418,BRIEF,2.6080900000000002,MAT_FLANN,SEL_KNN,17.5891,326
5,FAST,2.3896900000000003,406,BRIEF,2.4586099999999997,MAT_FLANN,SEL_KNN,18.8729,323
6,FAST,3.03563,396,BRIEF,2.0068599999999996,MAT_FLANN,SEL_KNN,18.1008,316
7,FAST,3.23243,401,BRIEF,2.09802,MAT_FLANN,SEL_KNN,20.2273,306
0,SIFT,131.815,121,FREAK,32.3753,MAT_BF,SEL_KNN,0.337854,70
1,SIFT,130.109,135,FREAK,33.4862,MAT_BF,SEL_KNN,0.545046,62
2,SIFT,131.97,134,FREAK,32.3517,MAT_BF,SEL_KNN,1.00346,65
3,SIFT,131.31,139,FREAK,31.9561,MAT_BF,SEL_KNN,0.317153,59
4,SIFT,135.668,136,FREAK,32.631,MAT_BF,SEL_KNN,0.45489399999999997,60
5,SIFT,133.753,147,FREAK,33.2131,MAT_BF,SEL_KNN,0.619923,64
6,SIFT,137.72799999999998,156,FREAK,36.2649,MAT_BF,SEL_KNN,0.518023,65
7,SIFT,140.917,135,FREAK,33.661,MAT_BF,SEL_KNN,0.66761,79
0,FAST,5.271319999999999,404,ORB,9.916960000000001,MAT_FLANN,SEL_KNN,33.2847,319
1,FAST,4.3878699999999995,423,ORB,6.7317100000000005,MAT_FLANN,SEL_KNN,32.2455,297
2,FAST,3.00236,386,ORB,13.5663,MAT_FLANN,SEL_KNN,35.0544,322
3,FAST,5.1642,414,ORB,14.110999999999999,MAT_FLANN,SEL_KNN,51.8418,286
4,FAST,11.7534,418,ORB,18.5657,MAT_FLANN,SEL_KNN,52.1291,318
5,FAST,3.0767,406,ORB,7.620139999999999,MAT_FLANN,SEL_KNN,19.8082,324
6,FAST,3.94591,396,ORB,10.8954,MAT_FLANN,SEL_KNN,42.6504,306
7,FAST,3.8681699999999997,401,ORB,6.21309,MAT_FLANN,SEL_KNN,41.7173,308
0,BRISK,265.074,276,SIFT,68.7439,MAT_FLANN,SEL_KNN,6.33624,189
1,BRISK,265.132,275,SIFT,68.3931,MAT_FLANN,SEL_KNN,6.13646,172
2,BRISK,267.587,293,SIFT,79.53399999999999,MAT_FLANN,SEL_KNN,5.62467,182
3,BRISK,264.70599999999996,275,SIFT,73.2945,MAT_FLANN,SEL_KNN,8.36542,169
4,BRISK,278.02099999999996,289,SIFT,85.7067,MAT_FLANN,SEL_KNN,6.41608,193
5,BRISK,251.43900000000002,268,SIFT,68.622,MAT_FLANN,SEL_KNN,7.75835,194
6,BRISK,248.075,259,SIFT,64.5567,MAT_FLANN,SEL_KNN,5.5319,177
7,BRISK,321.908,250,SIFT,77.1318,MAT_FLANN,SEL_KNN,5.36517,182
0,SHITOMASI,37.5858,123,ORB,12.0829,MAT_BF,SEL_KNN,3.24306,103
1,SHITOMASI,33.8726,120,ORB,11.9459,MAT_BF,SEL_KNN,1.9407599999999998,100
2,SHITOMASI,39.3648,120,ORB,17.7778,MAT_BF,SEL_KNN,0.775542,102
3,SHITOMASI,49.3021,113,ORB,20.6394,MAT_BF,SEL_KNN,0.491438,103
4,SHITOMASI,41.0855,114,ORB,8.68994,MAT_BF,SEL_KNN,0.66865,98
5,SHITOMASI,61.0111,123,ORB,32.5586,MAT_BF,SEL_KNN,0.715943,98
6,SHITOMASI,47.2336,111,ORB,15.9012,MAT_BF,SEL_KNN,0.7034779999999999,102
7,SHITOMASI,35.6479,112,ORB,11.3568,MAT_BF,SEL_KNN,0.6121949999999999,97
0,SIFT,155.139,121,FREAK,37.6278,MAT_FLANN,SEL_KNN,2.13378,61
1,SIFT,166.34900000000002,135,FREAK,47.2971,MAT_FLANN,SEL_KNN,2.03504,54
2,SIFT,176.41099999999997,134,FREAK,68.5426,MAT_FLANN,SEL_KNN,5.49156,63
3,SIFT,178.94,139,FREAK,38.6817,MAT_FLANN,SEL_KNN,2.17138,50
4,SIFT,165.579,136,FREAK,46.7653,MAT_FLANN,SEL_KNN,2.59062,52
5,SIFT,169.055,147,FREAK,39.7281,MAT_FLANN,SEL_KNN,2.6242099999999997,48
6,SIFT,164.687,156,FREAK,38.479,MAT_FLANN,SEL_KNN,3.7584199999999996,53
7,SIFT,183.231,135,FREAK,36.7341,MAT_FLANN,SEL_KNN,2.8134099999999997,66
0,AKAZE,111.1,159,ORB,11.7765,MAT_BF,SEL_KNN,0.930881,128
1,AKAZE,105.74700000000001,154,ORB,13.3908,MAT_BF,SEL_KNN,0.647888,127
2,AKAZE,104.61,162,ORB,10.7576,MAT_BF,SEL_KNN,0.646143,114
3,AKAZE,113.315,163,ORB,9.86618,MAT_BF,SEL_KNN,1.6273600000000001,131
4,AKAZE,120.404,173,ORB,13.7433,MAT_BF,SEL_KNN,0.916919,132
5,AKAZE,134.986,175,ORB,10.3853,MAT_BF,SEL_KNN,0.646608,136
6,AKAZE,190.423,175,ORB,10.5396,MAT_BF,SEL_KNN,0.734475,138
7,AKAZE,122.26799999999999,175,ORB,14.3283,MAT_BF,SEL_KNN,0.769309,144
0,ORB,10.0669,106,SIFT,70.4851,MAT_FLANN,SEL_NN,2.91083,102
1,ORB,11.2051,113,SIFT,73.2747,MAT_FLANN,SEL_NN,1.86096,106
2,ORB,7.934639999999999,109,SIFT,59.9327,MAT_FLANN,SEL_NN,2.082,113
3,ORB,7.77902,124,SIFT,68.6378,MAT_FLANN,SEL_NN,1.9393,109
4,ORB,10.4503,129,SIFT,72.1122,MAT_FLANN,SEL_NN,2.4287,124
5,ORB,12.7567,127,SIFT,71.8311,MAT_FLANN,SEL_NN,4.38358,129
6,ORB,11.1025,124,SIFT,71.0549,MAT_FLANN,SEL_NN,2.32805,127
7,ORB,9.82366,125,SIFT,73.5756,MAT_FLANN,SEL_NN,3.64751,124
0,SHITOMASI,38.952,123,FREAK,74.5137,MAT_BF,SEL_NN,0.5885600000000001,118
1,SHITOMASI,43.6541,120,FREAK,69.4076,MAT_BF,SEL_NN,0.622807,123
2,SHITOMASI,44.7795,120,FREAK,75.5545,MAT_BF,SEL_NN,3.03297,120
3,SHITOMASI,48.8503,113,FREAK,76.2859,MAT_BF,SEL_NN,0.562177,120
4,SHITOMASI,33.6577,114,FREAK,82.259,MAT_BF,SEL_NN,0.412652,113
5,SHITOMASI,52.1105,123,FREAK,84.8331,MAT_BF,SEL_NN,0.543275,114
6,SHITOMASI,34.274,111,FREAK,78.3875,MAT_BF,SEL_NN,0.698233,123
7,SHITOMASI,38.8219,112,FREAK,79.9484,MAT_BF,SEL_NN,0.5174529999999999,111
0,FAST,2.42449,404,BRISK,192.82,MAT_FLANN,SEL_KNN,26.0917,253
1,FAST,2.37237,423,BRISK,182.957,MAT_FLANN,SEL_KNN,17.058,247
2,FAST,4.63229,386,BRISK,165.145,MAT_FLANN,SEL_KNN,15.2726,247
3,FAST,2.39908,414,BRISK,165.74099999999999,MAT_FLANN,SEL_KNN,19.6419,224
4,FAST,1.9792299999999998,418,BRISK,166.77,MAT_FLANN,SEL_KNN,14.4373,257
5,FAST,2.1943,406,BRISK,174.56099999999998,MAT_FLANN,SEL_KNN,18.7537,253
6,FAST,2.5608299999999997,396,BRISK,175.50599999999997,MAT_FLANN,SEL_KNN,12.9232,249
7,FAST,2.18909,401,BRISK,167.82299999999998,MAT_FLANN,SEL_KNN,12.3436,257
0,ORB,9.14368,106,BRIEF,1.53187,MAT_BF,SEL_KNN,0.348934,43
1,ORB,10.0824,113,BRIEF,0.7072729999999999,MAT_BF,SEL_KNN,0.265198,45
2,ORB,9.82323,109,BRIEF,0.5498529999999999,MAT_BF,SEL_KNN,0.389861,59
3,ORB,15.9318,124,BRIEF,1.0303200000000001,MAT_BF,SEL_KNN,0.492917,53
4,ORB,12.9317,129,BRIEF,1.0332299999999999,MAT_BF,SEL_KNN,0.35978699999999997,76
5,ORB,11.3426,127,BRIEF,1.08225,MAT_BF,SEL_KNN,0.30834,67
6,ORB,9.88332,124,BRIEF,0.801275,MAT_BF,SEL_KNN,0.366487,83
7,ORB,10.815,125,BRIEF,2.2709599999999996,MAT_BF,SEL_KNN,0.327841,65
0,AKAZE,148.857,159,ORB,12.304,MAT_FLANN,SEL_KNN,6.883610000000001,90
1,AKAZE,154.916,154,ORB,14.8374,MAT_FLANN,SEL_KNN,10.0426,95
2,AKAZE,144.186,162,ORB,10.3869,MAT_FLANN,SEL_KNN,4.81733,83
3,AKAZE,120.667,163,ORB,12.258,MAT_FLANN,SEL_KNN,6.17137,96
4,AKAZE,128.025,173,ORB,8.17728,MAT_FLANN,SEL_KNN,2.8961900000000003,114
5,AKAZE,106.756,175,ORB,10.0999,MAT_FLANN,SEL_KNN,4.82638,109
6,AKAZE,118.085,175,ORB,11.5884,MAT_FLANN,SEL_KNN,3.02089,110
7,AKAZE,113.663,175,ORB,9.73528,MAT_FLANN,SEL_KNN,4.01433,116
0,AKAZE,130.957,159,AKAZE,107.62899999999999,MAT_FLANN,SEL_NN,3.3954,157
1,AKAZE,122.06200000000001,154,AKAZE,108.569,MAT_FLANN,SEL_NN,2.96739,159
2,AKAZE,119.229,162,AKAZE,124.14200000000001,MAT_FLANN,SEL_NN,4.1588,154
3,AKAZE,137.564,163,AKAZE,95.97200000000001,MAT_FLANN,SEL_NN,2.6894400000000003,162
4,AKAZE,116.4,173,AKAZE,95.6986,MAT_FLANN,SEL_NN,3.22756,163
5,AKAZE,108.91799999999999,175,AKAZE,94.2569,MAT_FLANN,SEL_NN,3.58371,173
6,AKAZE,116.89200000000001,175,AKAZE,95.7129,MAT_FLANN,SEL_NN,2.73012,175
7,AKAZE,107.488,175,AKAZE,93.2683,MAT_FLANN,SEL_NN,2.75074,175
0,AKAZE,162.41299999999998,159,SIFT,46.0016,MAT_FLANN,SEL_KNN,3.6829199999999997,136
1,AKAZE,121.76899999999999,154,SIFT,51.7528,MAT_FLANN,SEL_KNN,3.9024099999999997,129
2,AKAZE,127.775,162,SIFT,50.7767,MAT_FLANN,SEL_KNN,4.2199800000000005,137
3,AKAZE,157.359,163,SIFT,41.6042,MAT_FLANN,SEL_KNN,3.8328300000000004,137
4,AKAZE,142.454,173,SIFT,90.7401,MAT_FLANN,SEL_KNN,3.8155099999999997,147
5,AKAZE,145.66,175,SIFT,60.402,MAT_FLANN,SEL_KNN,4.51497,148
6,AKAZE,214.8,175,SIFT,54.6221,MAT_FLANN,SEL_KNN,5.53661,153
7,AKAZE,188.297,175,SIFT,73.6014,MAT_FLANN,SEL_KNN,7.778110000000001,149
0,SIFT,141.586,121,BRIEF,2.14835,MAT_BF,SEL_NN,0.349224,131
1,SIFT,143.866,135,BRIEF,2.44334,MAT_BF,SEL_NN,0.611274,121
2,SIFT,170.325,134,BRIEF,2.47598,MAT_BF,SEL_NN,0.765474,135
3,SIFT,149.835,139,BRIEF,2.12099,MAT_BF,SEL_NN,0.468765,134
4,SIFT,151.575,136,BRIEF,2.43012,MAT_BF,SEL_NN,0.347137,139
5,SIFT,150.041,147,BRIEF,2.78313,MAT_BF,SEL_NN,0.382361,136
6,SIFT,152.808,156,BRIEF,3.62305,MAT_BF,SEL_NN,0.553892,147
7,SIFT,156.217,135,BRIEF,2.0088,MAT_BF,SEL_NN,0.364816,156
0,ORB,11.8821,106,SIFT,61.2509,MAT_BF,SEL_KNN,0.348622,79
1,ORB,11.4222,113,SIFT,61.213,MAT_BF,SEL_KNN,0.5268149999999999,78
2,ORB,10.4328,109,SIFT,56.783,MAT_BF,SEL_KNN,0.542575,79
3,ORB,9.88857,124,SIFT,60.7792,MAT_BF,SEL_KNN,0.5138590000000001,82
4,ORB,18.2955,129,SIFT,85.1006,MAT_BF,SEL_KNN,0.650618,93
5,ORB,20.5308,127,SIFT,72.5563,MAT_BF,SEL_KNN,0.611798,94
6,ORB,9.76864,124,SIFT,69.6772,MAT_BF,SEL_KNN,0.532613,93
7,ORB,10.0732,125,SIFT,79.2769,MAT_BF,SEL_KNN,0.674478,92
0,AKAZE,101.571,159,FREAK,36.9074,MAT_BF,SEL_NN,0.547085,157
1,AKAZE,106.837,154,FREAK,37.5386,MAT_BF,SEL_NN,0.41963500000000004,159
2,AKAZE,96.2725,162,FREAK,35.3097,MAT_BF,SEL_NN,0.622021,154
3,AKAZE,118.25200000000001,163,FREAK,40.3863,MAT_BF,SEL_NN,0.635215,162
4,AKAZE,100.726,173,FREAK,33.6201,MAT_BF,SEL_NN,0.509592,163
5,AKAZE,107.664,175,FREAK,41.476000000000006,MAT_BF,SEL_NN,0.6566649999999999,173
6,AKAZE,110.92399999999999,175,FREAK,36.5854,MAT_BF,SEL_NN,0.849244,175
7,AKAZE,125.38,175,FREAK,36.0461,MAT_BF,SEL_NN,0.52696,175
0,SIFT,144.454,121,BRIEF,2.06128,MAT_BF,SEL_KNN,0.49808900000000006,76
1,SIFT,156.305,135,BRIEF,2.74994,MAT_BF,SEL_KNN,0.47809700000000005,72
2,SIFT,189.416,134,BRIEF,2.58602,MAT_BF,SEL_KNN,0.822274,83
3,SIFT,147.637,139,BRIEF,2.1615,MAT_BF,SEL_KNN,0.297607,69
4,SIFT,153.763,136,BRIEF,2.57295,MAT_BF,SEL_KNN,0.514865,75
5,SIFT,139.965,147,BRIEF,1.8506599999999997,MAT_BF,SEL_KNN,0.418267,76
6,SIFT,136.766,156,BRIEF,2.0365599999999997,MAT_BF,SEL_KNN,0.47781,69
7,SIFT,144.826,135,BRIEF,2.00068,MAT_BF,SEL_KNN,0.458154,87
0,FAST,3.19768,404,FREAK,45.1678,MAT_BF,SEL_NN,2.82553,427
1,FAST,1.9418799999999998,423,FREAK,34.9577,MAT_BF,SEL_NN,2.83352,404
2,FAST,2.22325,386,FREAK,30.6277,MAT_BF,SEL_NN,2.33692,423
3,FAST,2.01409,414,FREAK,30.7021,MAT_BF,SEL_NN,2.5365,386
4,FAST,2.02637,418,FREAK,37.505,MAT_BF,SEL_NN,2.72475,414
5,FAST,3.02913,406,FREAK,35.8641,MAT_BF,SEL_NN,2.46102,418
6,FAST,2.21402,396,FREAK,37.8699,MAT_BF,SEL_NN,2.55577,406
7,FAST,3.9887900000000003,401,FREAK,39.5954,MAT_BF,SEL_NN,2.26629,396
0,ORB,10.1508,106,FREAK,32.3096,MAT_FLANN,SEL_NN,0.93575,53
1,ORB,7.52608,113,FREAK,28.4111,MAT_FLANN,SEL_NN,1.1025200000000002,56
2,ORB,8.417010000000001,109,FREAK,32.36,MAT_FLANN,SEL_NN,1.24575,65
3,ORB,7.96051,124,FREAK,40.4286,MAT_FLANN,SEL_NN,1.14409,55
4,ORB,11.7585,129,FREAK,39.2512,MAT_FLANN,SEL_NN,1.3978899999999999,64
5,ORB,12.0122,127,FREAK,37.4719,MAT_FLANN,SEL_NN,1.35127,66
6,ORB,15.3383,124,FREAK,36.9811,MAT_FLANN,SEL_NN,1.37132,70
7,ORB,11.8288,125,FREAK,43.9999,MAT_FLANN,SEL_NN,1.54257,71
0,SHITOMASI,16.3469,123,BRIEF,1.14611,MAT_FLANN,SEL_KNN,1.57774,93
1,SHITOMASI,15.8485,120,BRIEF,1.6339,MAT_FLANN,SEL_KNN,1.9486,91
2,SHITOMASI,15.8904,120,BRIEF,1.7219799999999998,MAT_FLANN,SEL_KNN,1.8943299999999998,88
3,SHITOMASI,15.1236,113,BRIEF,1.93305,MAT_FLANN,SEL_KNN,1.7823799999999999,92
4,SHITOMASI,17.9116,114,BRIEF,2.28136,MAT_FLANN,SEL_KNN,2.1287599999999998,92
5,SHITOMASI,14.3001,123,BRIEF,2.79635,MAT_FLANN,SEL_KNN,1.9939099999999998,85
6,SHITOMASI,19.2186,111,BRIEF,1.6244,MAT_FLANN,SEL_KNN,1.81762,92
7,SHITOMASI,18.3466,112,BRIEF,1.54519,MAT_FLANN,SEL_KNN,2.76323,85
0,HARRIS,18.0404,18,BRIEF,0.9090790000000001,MAT_FLANN,SEL_NN,0.343957,14
1,HARRIS,21.2715,21,BRIEF,1.11235,MAT_FLANN,SEL_NN,0.346031,18
2,HARRIS,21.9794,26,BRIEF,1.87942,MAT_FLANN,SEL_NN,0.636776,21
3,HARRIS,55.9382,43,BRIEF,1.2939200000000002,MAT_FLANN,SEL_NN,0.534062,26
4,HARRIS,21.3321,18,BRIEF,5.122999999999999,MAT_FLANN,SEL_NN,0.994616,43
5,HARRIS,33.1035,31,BRIEF,1.77194,MAT_FLANN,SEL_NN,0.412962,18
6,HARRIS,24.4512,26,BRIEF,2.57477,MAT_FLANN,SEL_NN,0.52199,31
7,HARRIS,34.2445,34,BRIEF,1.22902,MAT_FLANN,SEL_NN,0.552884,26
0,BRISK,245.602,276,BRIEF,1.0538299999999998,MAT_FLANN,SEL_KNN,3.76916,163
1,BRISK,236.489,275,BRIEF,0.9618709999999999,MAT_FLANN,SEL_KNN,3.77075,138
2,BRISK,244.88400000000001,293,BRIEF,1.57108,MAT_FLANN,SEL_KNN,4.06625,146
3,BRISK,241.003,275,BRIEF,1.2151399999999999,MAT_FLANN,SEL_KNN,4.48329,149
4,BRISK,241.11,289,BRIEF,1.7913400000000002,MAT_FLANN,SEL_KNN,5.174180000000001,155
5,BRISK,234.28099999999998,268,BRIEF,0.8930680000000001,MAT_FLANN,SEL_KNN,4.18372,163
6,BRISK,244.94400000000002,259,BRIEF,0.871993,MAT_FLANN,SEL_KNN,3.59588,162
7,BRISK,207.88099999999997,250,BRIEF,0.848859,MAT_FLANN,SEL_KNN,3.4787199999999996,148
0,HARRIS,21.7805,18,FREAK,33.8026,MAT_FLANN,SEL_NN,3.09796,13
1,HARRIS,23.1186,21,FREAK,29.9363,MAT_FLANN,SEL_NN,1.43933,16
2,HARRIS,20.7176,26,FREAK,32.0357,MAT_FLANN,SEL_NN,1.24759,20
3,HARRIS,30.5323,43,FREAK,30.2808,MAT_FLANN,SEL_NN,1.91042,26
4,HARRIS,22.4699,18,FREAK,32.0198,MAT_FLANN,SEL_NN,1.8090099999999998,38
5,HARRIS,23.6181,31,FREAK,31.3082,MAT_FLANN,SEL_NN,1.67042,17
6,HARRIS,23.8562,26,FREAK,32.1624,MAT_FLANN,SEL_NN,1.82813,30
7,HARRIS,34.0565,34,FREAK,29.6904,MAT_FLANN,SEL_NN,1.44822,25
0,ORB,13.2093,106,ORB,20.3882,MAT_BF,SEL_KNN,0.444758,69
1,ORB,8.19028,113,ORB,17.3049,MAT_BF,SEL_KNN,0.30390100000000003,71
2,ORB,14.3729,109,ORB,22.4785,MAT_BF,SEL_KNN,0.328204,85
3,ORB,16.0913,124,ORB,17.8272,MAT_BF,SEL_KNN,0.312654,91
4,ORB,10.8324,129,ORB,13.5728,MAT_BF,SEL_KNN,0.355466,99
5,ORB,11.2463,127,ORB,21.9733,MAT_BF,SEL_KNN,0.672808,94
6,ORB,12.5436,124,ORB,21.2474,MAT_BF,SEL_KNN,0.5155890000000001,91
7,ORB,11.1672,125,ORB,14.6824,MAT_BF,SEL_KNN,0.495237,89
0,ORB,13.1748,106,BRIEF,1.4987,MAT_FLANN,SEL_NN,2.86037,102
1,ORB,15.4508,113,BRIEF,3.7753300000000003,MAT_FLANN,SEL_NN,3.8657,106
2,ORB,17.5371,109,BRIEF,1.1794,MAT_FLANN,SEL_NN,2.01132,113
3,ORB,12.6115,124,BRIEF,3.16105,MAT_FLANN,SEL_NN,26.0356,109
4,ORB,21.2243,129,BRIEF,4.4796,MAT_FLANN,SEL_NN,9.56531,124
5,ORB,19.1223,127,BRIEF,0.956625,MAT_FLANN,SEL_NN,2.6318099999999998,129
6,ORB,12.6457,124,BRIEF,1.1386399999999999,MAT_FLANN,SEL_NN,6.02316,127
7,ORB,12.7943,125,BRIEF,1.36624,MAT_FLANN,SEL_NN,2.02173,124
0,BRISK,250.785,276,SIFT,56.2759,MAT_BF,SEL_NN,1.7686099999999998,274
1,BRISK,240.208,275,SIFT,55.5422,MAT_BF,SEL_NN,1.43108,276
2,BRISK,223.299,293,SIFT,55.4208,MAT_BF,SEL_NN,2.13357,275
3,BRISK,222.25400000000002,275,SIFT,57.4855,MAT_BF,SEL_NN,2.6736,293
4,BRISK,225.15099999999998,289,SIFT,50.8143,MAT_BF,SEL_NN,1.48504,275
5,BRISK,222.668,268,SIFT,53.0747,MAT_BF,SEL_NN,1.5107,289
6,BRISK,228.658,259,SIFT,54.4358,MAT_BF,SEL_NN,1.9138400000000002,268
7,BRISK,268.809,250,SIFT,57.6625,MAT_BF,SEL_NN,1.13235,259
0,BRISK,237.239,276,ORB,29.4746,MAT_FLANN,SEL_KNN,13.5496,102
1,BRISK,232.237,275,ORB,16.3005,MAT_FLANN,SEL_KNN,3.6083199999999995,88
2,BRISK,207.86599999999999,293,ORB,11.6005,MAT_FLANN,SEL_KNN,6.55274,100
3,BRISK,201.628,275,ORB,12.4582,MAT_FLANN,SEL_KNN,5.46097,83
4,BRISK,209.50900000000001,289,ORB,12.8793,MAT_FLANN,SEL_KNN,4.09313,112
5,BRISK,222.517,268,ORB,12.3665,MAT_FLANN,SEL_KNN,3.5395300000000005,113
6,BRISK,203.19799999999998,259,ORB,12.3291,MAT_FLANN,SEL_KNN,3.62681,111
7,BRISK,199.607,250,ORB,14.6137,MAT_FLANN,SEL_KNN,3.26513,115
0,BRISK,421.07199999999995,276,BRIEF,2.78819,MAT_BF,SEL_NN,3.36075,274
1,BRISK,486.219,275,BRIEF,1.83555,MAT_BF,SEL_NN,1.8487799999999999,276
2,BRISK,427.022,293,BRIEF,4.14772,MAT_BF,SEL_NN,1.7912299999999999,275
3,BRISK,417.0,275,BRIEF,2.29802,MAT_BF,SEL_NN,3.65414,293
4,BRISK,415.309,289,BRIEF,1.7806,MAT_BF,SEL_NN,2.1172,275
5,BRISK,419.228,268,BRIEF,3.7224699999999995,MAT_BF,SEL_NN,3.16357,289
6,BRISK,417.31300000000005,259,BRIEF,4.50934,MAT_BF,SEL_NN,3.4982300000000004,268
7,BRISK,412.319,250,BRIEF,3.4237,MAT_BF,SEL_NN,1.84234,259
0,ORB,20.7072,106,ORB,49.5524,MAT_BF,SEL_NN,0.238794,102
1,ORB,26.3571,113,ORB,59.7297,MAT_BF,SEL_NN,0.351087,106
2,ORB,11.7063,109,ORB,36.5958,MAT_BF,SEL_NN,0.32734800000000003,113
3,ORB,23.1517,124,ORB,65.462,MAT_BF,SEL_NN,0.405669,109
4,ORB,22.0756,129,ORB,30.8909,MAT_BF,SEL_NN,2.12663,124
5,ORB,19.2633,127,ORB,44.0626,MAT_BF,SEL_NN,0.488762,129
6,ORB,16.7843,124,ORB,49.1751,MAT_BF,SEL_NN,0.6878770000000001,127
7,ORB,9.7952,125,ORB,48.9356,MAT_BF,SEL_NN,0.309663,124
0,AKAZE,90.0847,159,AKAZE,80.6855,MAT_BF,SEL_KNN,0.611151,138
1,AKAZE,89.1599,154,AKAZE,81.6356,MAT_BF,SEL_KNN,0.603055,132
2,AKAZE,87.8227,162,AKAZE,78.5014,MAT_BF,SEL_KNN,0.556675,126
3,AKAZE,87.9246,163,AKAZE,78.2756,MAT_BF,SEL_KNN,0.600943,128
4,AKAZE,95.5642,173,AKAZE,76.1682,MAT_BF,SEL_KNN,0.7063470000000001,146
5,AKAZE,86.726,175,AKAZE,87.3852,MAT_BF,SEL_KNN,0.879491,147
6,AKAZE,96.4501,175,AKAZE,89.44200000000001,MAT_BF,SEL_KNN,0.917093,149
7,AKAZE,101.94200000000001,175,AKAZE,92.1251,MAT_BF,SEL_KNN,0.826284,148
0,ORB,9.56374,106,FREAK,28.5311,MAT_FLANN,SEL_KNN,0.904699,33
1,ORB,9.94944,113,FREAK,29.4733,MAT_FLANN,SEL_KNN,0.9285190000000001,37
2,ORB,7.405010000000001,109,FREAK,28.3137,MAT_FLANN,SEL_KNN,1.0027,41
3,ORB,9.69807,124,FREAK,27.3327,MAT_FLANN,SEL_KNN,0.9122020000000001,33
4,ORB,6.99471,129,FREAK,29.278000000000002,MAT_FLANN,SEL_KNN,1.44773,40
5,ORB,10.6114,127,FREAK,31.4296,MAT_FLANN,SEL_KNN,2.08399,41
6,ORB,8.21942,124,FREAK,30.701,MAT_FLANN,SEL_KNN,1.1387399999999999,40
7,ORB,10.4097,125,FREAK,27.9612,MAT_FLANN,SEL_KNN,1.35333,43
0,ORB,12.2682,106,FREAK,37.2385,MAT_BF,SEL_NN,0.233575,53
1,ORB,11.5612,113,FREAK,40.4471,MAT_BF,SEL_NN,0.154127,56
2,ORB,15.744000000000002,109,FREAK,47.0744,MAT_BF,SEL_NN,0.161719,65
3,ORB,12.2086,124,FREAK,35.4975,MAT_BF,SEL_NN,0.154263,55
4,ORB,15.8818,129,FREAK,32.9003,MAT_BF,SEL_NN,0.151862,64
5,ORB,10.6343,127,FREAK,36.5773,MAT_BF,SEL_NN,0.183139,66
6,ORB,10.879000000000001,124,FREAK,35.1068,MAT_BF,SEL_NN,0.236965,70
7,ORB,9.81513,125,FREAK,33.7862,MAT_BF,SEL_NN,0.151025,71
0,AKAZE,110.044,159,BRIEF,3.02963,MAT_FLANN,SEL_KNN,3.0394400000000004,115
1,AKAZE,115.811,154,BRIEF,2.7764,MAT_FLANN,SEL_KNN,2.7257,110
2,AKAZE,110.802,162,BRIEF,2.9287799999999997,MAT_FLANN,SEL_KNN,2.53076,110
3,AKAZE,112.462,163,BRIEF,2.49752,MAT_FLANN,SEL_KNN,2.6099099999999997,117
4,AKAZE,127.33,173,BRIEF,2.82963,MAT_FLANN,SEL_KNN,3.14573,129
5,AKAZE,114.958,175,BRIEF,3.65113,MAT_FLANN,SEL_KNN,3.6377900000000003,133
6,AKAZE,122.79700000000001,175,BRIEF,2.65805,MAT_FLANN,SEL_KNN,2.34187,135
7,AKAZE,110.286,175,BRIEF,4.05771,MAT_FLANN,SEL_KNN,3.15448,128
0,FAST,2.24498,404,SIFT,47.5876,MAT_FLANN,SEL_KNN,8.4538,325
1,FAST,2.25659,423,SIFT,43.4549,MAT_FLANN,SEL_KNN,10.79,299
2,FAST,2.32154,386,SIFT,41.4543,MAT_FLANN,SEL_KNN,11.380999999999998,311
3,FAST,2.1872,414,SIFT,44.2684,MAT_FLANN,SEL_KNN,11.7658,291
4,FAST,2.60583,418,SIFT,44.1143,MAT_FLANN,SEL_KNN,13.1267,327
5,FAST,3.51599,406,SIFT,44.4002,MAT_FLANN,SEL_KNN,8.45055,317
6,FAST,1.9010200000000002,396,SIFT,45.7066,MAT_FLANN,SEL_KNN,9.75687,301
7,FAST,2.1362099999999997,401,SIFT,39.8721,MAT_FLANN,SEL_KNN,9.01635,301
0,SHITOMASI,19.4964,123,SIFT,27.2743,MAT_BF,SEL_KNN,0.46472299999999994,109
1,SHITOMASI,17.9966,120,SIFT,30.6531,MAT_BF,SEL_KNN,0.536447,104
2,SHITOMASI,17.5804,120,SIFT,23.0243,MAT_BF,SEL_KNN,0.46095600000000003,103
3,SHITOMASI,21.3683,113,SIFT,20.1285,MAT_BF,SEL_KNN,0.427616,99
4,SHITOMASI,14.7903,114,SIFT,27.545,MAT_BF,SEL_KNN,0.549581,101
5,SHITOMASI,19.3564,123,SIFT,20.4804,MAT_BF,SEL_KNN,0.45596400000000004,96
6,SHITOMASI,14.8362,111,SIFT,27.0881,MAT_BF,SEL_KNN,0.893185,106
7,SHITOMASI,15.4412,112,SIFT,31.204,MAT_BF,SEL_KNN,0.5029710000000001,97
0,SIFT,153.64,121,SIFT,91.7828,MAT_FLANN,SEL_NN,4.16322,131
1,SIFT,135.101,135,SIFT,88.0656,MAT_FLANN,SEL_NN,2.83127,121
2,SIFT,185.622,134,SIFT,101.14299999999999,MAT_FLANN,SEL_NN,2.74762,135
3,SIFT,139.713,139,SIFT,92.0818,MAT_FLANN,SEL_NN,2.40841,134
4,SIFT,144.278,136,SIFT,94.5178,MAT_FLANN,SEL_NN,2.92824,139
5,SIFT,149.899,147,SIFT,87.5526,MAT_FLANN,SEL_NN,2.5704700000000003,136
6,SIFT,140.19899999999998,156,SIFT,96.6464,MAT_FLANN,SEL_NN,2.9820900000000004,147
7,SIFT,143.481,135,SIFT,90.1475,MAT_FLANN,SEL_NN,3.04667,156
0,ORB,13.6682,106,ORB,18.1107,MAT_FLANN,SEL_NN,1.7085,102
1,ORB,8.67579,113,ORB,15.572000000000001,MAT_FLANN,SEL_NN,1.29196,106
2,ORB,11.3396,109,ORB,16.8308,MAT_FLANN,SEL_NN,1.8772400000000002,113
3,ORB,10.0143,124,ORB,19.0178,MAT_FLANN,SEL_NN,2.3648599999999997,109
4,ORB,11.0398,129,ORB,17.6707,MAT_FLANN,SEL_NN,2.1736,124
5,ORB,9.69502,127,ORB,15.8065,MAT_FLANN,SEL_NN,2.16805,129
6,ORB,11.6601,124,ORB,14.1182,MAT_FLANN,SEL_NN,2.07091,127
7,ORB,9.08187,125,ORB,19.5433,MAT_FLANN,SEL_NN,2.40292,124
0,SHITOMASI,20.4453,123,ORB,5.06007,MAT_FLANN,SEL_KNN,2.2494,83
1,SHITOMASI,21.6346,120,ORB,4.93996,MAT_FLANN,SEL_KNN,2.4642,87
2,SHITOMASI,16.5494,120,ORB,6.619489999999999,MAT_FLANN,SEL_KNN,2.53003,90
3,SHITOMASI,19.4509,113,ORB,5.22685,MAT_FLANN,SEL_KNN,2.08759,83
4,SHITOMASI,19.5176,114,ORB,5.02864,MAT_FLANN,SEL_KNN,3.86741,77
5,SHITOMASI,19.2836,123,ORB,6.24558,MAT_FLANN,SEL_KNN,2.34936,85
6,SHITOMASI,19.0582,111,ORB,5.75505,MAT_FLANN,SEL_KNN,2.79914,86
7,SHITOMASI,21.7641,112,ORB,4.60159,MAT_FLANN,SEL_KNN,1.62459,88
0,FAST,2.60755,404,ORB,3.9293,MAT_BF,SEL_NN,2.33807,427
1,FAST,2.8864099999999997,423,ORB,5.85302,MAT_BF,SEL_NN,2.62814,404
2,FAST,2.5763,386,ORB,3.78255,MAT_BF,SEL_NN,1.9748599999999998,423
3,FAST,1.81856,414,ORB,5.61963,MAT_BF,SEL_NN,2.2501700000000002,386
4,FAST,2.33597,418,ORB,5.26807,MAT_BF,SEL_NN,2.6529,414
5,FAST,2.54217,406,ORB,3.51126,MAT_BF,SEL_NN,2.05495,418
6,FAST,2.0200099999999996,396,ORB,5.1863,MAT_BF,SEL_NN,2.1532400000000003,406
7,FAST,3.17896,401,ORB,6.12093,MAT_BF,SEL_NN,2.4666099999999997,396
0,SIFT,156.69299999999998,121,SIFT,98.9576,MAT_BF,SEL_NN,0.429554,131
1,SIFT,163.865,135,SIFT,97.2747,MAT_BF,SEL_NN,0.481264,121
2,SIFT,164.87599999999998,134,SIFT,98.7038,MAT_BF,SEL_NN,0.643416,135
3,SIFT,188.59099999999998,139,SIFT,92.0413,MAT_BF,SEL_NN,0.513076,134
4,SIFT,146.9,136,SIFT,100.98700000000001,MAT_BF,SEL_NN,0.645138,139
5,SIFT,163.041,147,SIFT,112.57700000000001,MAT_BF,SEL_NN,0.4905,136
6,SIFT,194.14,156,SIFT,205.50900000000001,MAT_BF,SEL_NN,1.33778,147
7,SIFT,281.209,135,SIFT,149.111,MAT_BF,SEL_NN,0.713788,156
0,FAST,1.86788,404,BRISK,184.827,MAT_BF,SEL_KNN,3.25428,243
1,FAST,2.96713,423,BRISK,183.958,MAT_BF,SEL_KNN,3.3198199999999995,241
2,FAST,2.02718,386,BRISK,198.09,MAT_BF,SEL_KNN,6.13969,239
3,FAST,2.89157,414,BRISK,281.439,MAT_BF,SEL_KNN,4.12331,215
4,FAST,3.0218700000000003,418,BRISK,238.82299999999998,MAT_BF,SEL_KNN,2.77291,251
5,FAST,5.787730000000001,406,BRISK,184.62,MAT_BF,SEL_KNN,4.05738,248
6,FAST,2.3092599999999996,396,BRISK,197.16400000000002,MAT_BF,SEL_KNN,4.3009900000000005,243
7,FAST,2.20982,401,BRISK,181.64,MAT_BF,SEL_KNN,3.53168,247
0,AKAZE,126.469,159,AKAZE,124.259,MAT_BF,SEL_NN,0.724608,157
1,AKAZE,154.809,154,AKAZE,172.89,MAT_BF,SEL_NN,1.71806,159
2,AKAZE,146.017,162,AKAZE,143.256,MAT_BF,SEL_NN,0.895159,154
3,AKAZE,124.223,163,AKAZE,107.986,MAT_BF,SEL_NN,0.771312,162
4,AKAZE,116.899,173,AKAZE,96.8615,MAT_BF,SEL_NN,0.741639,163
5,AKAZE,133.67600000000002,175,AKAZE,96.2029,MAT_BF,SEL_NN,0.6535979999999999,173
6,AKAZE,115.186,175,AKAZE,115.15100000000001,MAT_BF,SEL_NN,0.821189,175
7,AKAZE,127.93799999999999,175,AKAZE,108.71700000000001,MAT_BF,SEL_NN,0.729337,175
0,FAST,3.01693,404,SIFT,41.6321,MAT_BF,SEL_KNN,4.32605,325
1,FAST,1.9060599999999999,423,SIFT,42.8745,MAT_BF,SEL_KNN,3.9049199999999997,297
2,FAST,2.15338,386,SIFT,39.0552,MAT_BF,SEL_KNN,3.71906,311
3,FAST,2.58826,414,SIFT,41.6862,MAT_BF,SEL_KNN,3.75106,291
4,FAST,2.2944400000000003,418,SIFT,40.8771,MAT_BF,SEL_KNN,3.51009,326
5,FAST,2.70421,406,SIFT,43.3749,MAT_BF,SEL_KNN,3.9454599999999997,315
6,FAST,2.63832,396,SIFT,43.3825,MAT_BF,SEL_KNN,3.34352,300
7,FAST,2.2159299999999997,401,SIFT,40.1414,MAT_BF,SEL_KNN,3.01578,301
0,AKAZE,133.695,159,SIFT,37.7351,MAT_BF,SEL_KNN,0.916375,134
1,AKAZE,114.061,154,SIFT,34.8001,MAT_BF,SEL_KNN,0.779243,129
2,AKAZE,103.492,162,SIFT,36.9022,MAT_BF,SEL_KNN,0.756862,136
3,AKAZE,106.296,163,SIFT,36.9994,MAT_BF,SEL_KNN,0.715118,136
4,AKAZE,106.788,173,SIFT,36.6281,MAT_BF,SEL_KNN,1.06429,147
5,AKAZE,101.51700000000001,175,SIFT,36.1548,MAT_BF,SEL_KNN,0.9506819999999999,147
6,AKAZE,106.64200000000001,175,SIFT,43.9248,MAT_BF,SEL_KNN,1.0524,153
7,AKAZE,138.455,175,SIFT,34.8175,MAT_BF,SEL_KNN,0.86444,149
0,FAST,3.82419,404,ORB,9.12284,MAT_BF,SEL_KNN,4.7047099999999995,314
1,FAST,3.79662,423,ORB,6.9907699999999995,MAT_BF,SEL_KNN,4.591419999999999,295
2,FAST,3.4840699999999996,386,ORB,8.23979,MAT_BF,SEL_KNN,2.93133,318
3,FAST,5.3259,414,ORB,13.9562,MAT_BF,SEL_KNN,2.5154400000000003,284
4,FAST,5.17204,418,ORB,10.8542,MAT_BF,SEL_KNN,5.30091,312
5,FAST,8.20583,406,ORB,17.5478,MAT_BF,SEL_KNN,3.51042,323
6,FAST,3.9459199999999996,396,ORB,11.9618,MAT_BF,SEL_KNN,4.0749699999999995,306
7,FAST,4.37518,401,ORB,8.08663,MAT_BF,SEL_KNN,2.6905799999999997,304
